BGC,MIBiG_main_product
BGC0000001,"abyssomicin C, atrop-abyssomicin C"
BGC0000002,aculeximycin
BGC0000003,AF-toxin
BGC0000004,aflatoxin G1
BGC0000005,aflatoxin
BGC0000006,aflatoxin
BGC0000007,aflatoxin
BGC0000008,aflatoxin
BGC0000009,aflatoxin
BGC0000010,aflatoxin
BGC0000011,sterigmatocystin
BGC0000012,alternapyrone
BGC0000013,alternariol
BGC0000014,ambruticin
BGC0000015,amphotericin
BGC0000016,amphotericin B
BGC0000017,"anatoxin-a, homoanatoxin-a"
BGC0000018,angolamycin
BGC0000019,angolamycin
BGC0000020,"ansamitocin P-3, maytansine"
BGC0000021,apoptolidin
BGC0000022,asperfuranone
BGC0000023,aurafuron A
BGC0000024,aureothin
BGC0000025,avermectin
BGC0000026,"avilamycin A, avilamycin C"
BGC0000027,"ankaflavin, monascin, monascorubrin, rubropunctatine"
BGC0000028,bafilomycin B1
BGC0000029,BE-14106
BGC0000030,bikaverin
BGC0000031,borrelidin
BGC0000032,A23187
BGC0000033,calicheamicin
BGC0000034,candicidin
BGC0000035,chalcomycin A
BGC0000036,"chlorothricin, deschlorothricin"
BGC0000037,cichorine
BGC0000038,coelimycin P1
BGC0000039,compactin
BGC0000040,concanamycin A
BGC0000041,oronofacic acid
BGC0000042,cremimycin
BGC0000043,curacin A
BGC0000044,dawenol
BGC0000045,dehydrocurvularin
BGC0000046,depudecin
BGC0000047,"10,11-dihydro-8-deoxy-12,13-deepoxy-12,13-dihydrochalcomycin"
BGC0000048,dothistromin
BGC0000049,"E-492, E-975"
BGC0000050,E-837
BGC0000051,"ebelactone A, ebelactone B"
BGC0000052,ECO-02301
BGC0000053,elaiophylin
BGC0000054,erythromycin
BGC0000055,"erythromycin A, erythromycin B, erythromycin C, erythromycin D"
BGC0000056,esperamicin
BGC0000057,"F9775A, F9775B, orsellinic acid"
BGC0000058,FD-891
BGC0000059,filipin
BGC0000060,fostriecin
BGC0000061,"C06690, candicidin A, FR-008-III, levorin A3, UNII-AP5PEF5W7U"
BGC0000062,fumonisin B1
BGC0000063,fumonisin
BGC0000064,fusarin
BGC0000065,rustmicin
BGC0000066,geldanamycin
BGC0000067,geldanamycin
BGC0000068,geldanamycin
BGC0000069,gephyronic acid
BGC0000070,"4-desmethylgriseofulvin, dehydrogriseofulvin, epidechlorogriseofulvin, griseofulvin, griseoxanthone B, norlichexanthone"
BGC0000072,gulmirecin A
BGC0000073,halstoctacosanolide A
BGC0000074,herbimycin A
BGC0000075,"hygrocin A, hygrocin B"
BGC0000076,hypothemycin
BGC0000077,hypothemycin
BGC0000078,incednine
BGC0000079,X-14547
BGC0000080,"jerangolid A, jerangolid D"
BGC0000081,kedarcidin
BGC0000082,kijanimicin
BGC0000083,"17-hydroxy-8-desmethoxy-isomigrastatin, 8,9-dihydrolactimidomycin, 8-hydroxy-8,9-dihydrolactidomycin, lactimidomycin"
BGC0000084,laidlomycin
BGC0000085,lankamycin
BGC0000086,lasalocid
BGC0000087,lasalocid
BGC0000088,monacolin K
BGC0000089,lovastatin
BGC0000090,"macbecin, macbecin II"
BGC0000091,"marineosin A, marineosin B"
BGC0000092,"megalomicin A, megalomicin B, megalomicin C1, megalomicin C2"
BGC0000093,meilingmycin
BGC0000094,methymycin
BGC0000095,micromonolactam
BGC0000096,midecamycin
BGC0000097,ML-449
BGC0000098,monacolin K
BGC0000099,monascorubrin
BGC0000100,monensin
BGC0000101,"emodin, monodictyphenone, shamixanthone"
BGC0000102,mycinamicin II
BGC0000103,mycolactone B
BGC0000104,mycophenolic acid
BGC0000105,nanchangmycin
BGC0000106,naphthomycin A
BGC0000107,naphthopyrone
BGC0000108,natamycin
BGC0000109,LL-F28249α
BGC0000110,"orinocin, SNF4435C, SNF4435D, spectinabilin"
BGC0000111,"neocarzilin A, neocarzilin B"
BGC0000112,neocarzinostatin
BGC0000113,niddamycin
BGC0000114,nigericin
BGC0000115,nystatin A1
BGC0000116,nystatin-like Pseudonocardia polyene
BGC0000117,oligomycin
BGC0000118,pactamycin
BGC0000119,7-deoxypactamycin
BGC0000120,patulin
BGC0000121,RES-1214-2
BGC0000122,"phenylnannolone A, phenylnannolone B, phenylnannolone C"
BGC0000123,phoslactomycin B
BGC0000124,piericidin A1
BGC0000125,pimaricin
BGC0000126,pladienolide B
BGC0000127,pyoluteorin
BGC0000128,pyoluteorin
BGC0000129,pyripyropene A
BGC0000130,"pyrrolomycin A, pyrrolomycin B, pyrrolomycin C, pyrrolomycin D"
BGC0000131,pyrrolomycin
BGC0000132,pyrrolomycin
BGC0000133,quartromicin A1
BGC0000134,radicicol
BGC0000135,reveromycin A
BGC0000136,rifamycin
BGC0000137,rifamycin
BGC0000138,rimocidin
BGC0000140,4-hexadecanoyl-3-hydroxy-2-(hydroxymethyl)-2H-furan-5-one
BGC0000141,rubradirin
BGC0000142,salinilactam
BGC0000143,salinomycin
BGC0000144,salinomycin
BGC0000145,salinosporamide A
BGC0000146,solanapyrone D
BGC0000147,soraphen A
BGC0000148,A83543A
BGC0000149,spirangien O
BGC0000150,"sporolide A, sporolide B"
BGC0000151,"stambomycin A, stambomycin B, stambomycin C, stambomycin D"
BGC0000152,sterigmatocystin
BGC0000153,stigmatellin
BGC0000154,stipitatic acid
BGC0000155,T-toxin
BGC0000156,"1-(2,3,5,10-tetrahydroxy-7-methoxy-4-oxo-1,2,3,4-tetrahydroanthracen-2-yl)pentane-2,4-dione, desmethyl TAN-1612, TAN-1612"
BGC0000157,tautomycetin
BGC0000158,tautomycetin
BGC0000159,tautomycin
BGC0000160,terreic acid
BGC0000161,isoterrein
BGC0000162,tetrocarcin A
BGC0000163,tetronasin
BGC0000164,tetronomycin
BGC0000165,tiacumicin B
BGC0000166,tylactone
BGC0000167,vicenistatin
BGC0000168,"5-hydroxyanthrotainin, 8-O-desmethylanthrotainin, previridicatumtoxin, viridicatumtoxin"
BGC0000170,yanuthone D
BGC0000171,9-methylstreptimidone
BGC0000172,"basiliskamide A, basiliskamide B"
BGC0000173,"bongkrekic acid, isobongkrekic acid"
BGC0000174,bryostatin
BGC0000175,cycloheximide
BGC0000176,difficidin
BGC0000177,"13-epi-dorrigocin A, dorrigocin A, dorrigocin B, iso-migrastatin, migrastatin"
BGC0000178,elansolid A1
BGC0000179,etnangien
BGC0000180,legioliulin
BGC0000181,macrolactin H
BGC0000182,pseudomonic acid A
BGC0000183,paenimacrolidin
BGC0000184,sorangicin A
BGC0000185,tartrolon
BGC0000186,"thailandamide, thailandamide lactone"
BGC0000187,asukamycin
BGC0000188,"decarbamoylsaxitoxin, gonyautoxin 2, gonyautoxin 3, neosaxitoxin, saxitoxin"
BGC0000189,"3-(2'-acetoxy-3'-oxo-4'-methylhexyl)-indole, 3-(2'-acetoxy-3'-oxo-4'-methylpentyl)-indole, 3-(2'-hydroxy-3'-oxo-4'-methylhexyl)-indole, 3-(2'-hydroxy-3'-oxo-4'-methylpentyl)-indole"
BGC0000190,A-74528
BGC0000191,aclacinomycin
BGC0000192,aclacinomycin
BGC0000193,aclacinomycin
BGC0000194,actinorhodin
BGC0000195,"1,6-dihydro-8-propylanthraquinone, alnumycin A, alnumycin B, alnumycin C, alnumycin P, K1115A, prealnumycin, thalnumycin A, thalnumycin B"
BGC0000196,"AQ-256, AQ-270a, AQ-284a"
BGC0000197,aranciamycin
BGC0000198,arenimycin A
BGC0000199,"arimetamycin A, arimetamycin B, arimetamycin C"
BGC0000200,"arixanthomycin A, arixanthomycin B, arixanthomycin C"
BGC0000201,auricin
BGC0000202,azicemicin B
BGC0000203,BE-7585A
BGC0000204,"BE-43767, benastatin A, benastatin B, TAN1532B"
BGC0000205,bryostatin
BGC0000206,chartreusin
BGC0000207,chartreusin
BGC0000208,chelocardin
BGC0000209,chlortetracycline
BGC0000210,chromomycin A3
BGC0000211,chrysomycin
BGC0000212,cinerubin B
BGC0000213,colabomycin E
BGC0000214,cosmomycin B
BGC0000215,curamycin
BGC0000216,dactylocycline A
BGC0000217,daunorubicin
BGC0000218,doxorubicin
BGC0000219,elloramycin
BGC0000220,enterocin
BGC0000221,erdacin
BGC0000222,FD-594
BGC0000223,"dehydrorabelomycin, fluostatin F, fluostatin G, fluostatin H, rabelomycin"
BGC0000224,fredericamycin A
BGC0000225,frenolicin B
BGC0000226,gilvocarcin V
BGC0000227,granaticin
BGC0000228,granaticin
BGC0000229,grincamycin
BGC0000230,griseorhodin A
BGC0000231,"griseusin A, griseusin B"
BGC0000232,"hatomarubigin A, hatomarubigin B, hatomarubigin C, hatomarubigin D"
BGC0000233,hedamycin
BGC0000234,jadomycin
BGC0000235,kiamycin
BGC0000236,kinamycin
BGC0000237,lactonamycin Z
BGC0000238,lactonamycin
BGC0000239,landomycin A
BGC0000240,"lomaiviticin A, lomaiviticin C, lomaiviticin D, lomaiviticin E"
BGC0000241,"lomaiviticin A, lomaiviticin C, lomaiviticin D, lomaiviticin E"
BGC0000242,lysolipin I
BGC0000243,"dinactin, monactin, nonactin, tetranactin, trinactin"
BGC0000244,"dinactin, monactin, nonactin, tetranactin, trinactin"
BGC0000245,medermycin
BGC0000246,mithramycin
BGC0000247,mithramycin
BGC0000248,"fogacin, α naphtocyclinoic acid"
BGC0000249,nogalamycin
BGC0000250,"3',4'-demethoxynogalose-1-hydroxynogalamycinone, 3',4'-demethoxynogalose-nogalamycinone, nogalamycin F, nogalamycinone, nogalamycin R, nogalaviketone, nogalonic acid, nogalonic acid methyl ester"
BGC0000251,nogalamycin
BGC0000252,nonactin
BGC0000253,oviedomycin
BGC0000254,oxytetracycline
BGC0000255,pederin
BGC0000256,pradimicin-A
BGC0000257,prodigiosin
BGC0000258,prodigiosin
BGC0000259,prodigiosin
BGC0000260,prodigiosin
BGC0000261,R1128
BGC0000262,"gaudimycin A, gaudimycin C, gaudimycin D, prejadomycin, rabelomycin, UWM6"
BGC0000263,ravidomycin
BGC0000264,"resistoflavine, resistomycin"
BGC0000265,rhodomycin
BGC0000266,collinomycin
BGC0000267,saquayamycin Z
BGC0000268,"Sch-47554, Sch-47555"
BGC0000269,SF2575
BGC0000270,simocyclinone D8
BGC0000271,spore pigment
BGC0000272,spore pigment
BGC0000273,steffimycin D
BGC0000274,"tetarimycin A, tetarimycin B"
BGC0000275,tetracenomycin C
BGC0000276,urdamycin A
BGC0000277,urdamycin
BGC0000278,urdamycin
BGC0000279,xantholipin
BGC0000280,"2,4-diacetylphloroglucinol"
BGC0000281,"2,4-diacetylphloroglucinol"
BGC0000282,alkylresorcinol
BGC0000283,cetoniacytone A
BGC0000284,phenolic lipids
BGC0000285,"3,3'-diflaviolin, flaviolin, flaviolin rhamnoside"
BGC0000286,viguiepinol
BGC0000287,L-2-amino-4-methoxy-trans-3-butenoic acid
BGC0000288,"A-503083 A, A-503083 B, A-503083 E, A-503083 F"
BGC0000289,A40926
BGC0000290,A-47934
BGC0000291,A54145
BGC0000292,acetylaranotin
BGC0000293,acetylaszonalenin
BGC0000294,acinetobactin
BGC0000295,acinetoferrin
BGC0000296,actinomycin D
BGC0000297,"aeruginoside 126A, aeruginoside 126B"
BGC0000298,"aeruginosin 98-A, aeruginosin 98-B, aeruginosin 98-C"
BGC0000299,"alterochromide A, alterochromide A', alterochromide A'', alterochromide B, alterochromide B', alterochromide B'', bromoalterochromide A, bromoalterochromide A', bromoalterochromide A'', bromoalterochromide B, bromoalterochromide B', bromoalterochromide B'', dibromoalterochromide A, dibromoalterochromide A', dibromoalterochromide B, dibromoalterochromide B'"
BGC0000300,amychelin
BGC0000301,"anabaenopeptin 908, anabaenopeptin 915"
BGC0000302,anabaenopeptin
BGC0000303,anthramycin
BGC0000304,apicidin
BGC0000305,arthrofactin A
BGC0000306,arylomycin
BGC0000307,AbT1
BGC0000308,"aureusimine A, aureusimine B, aureusimine C"
BGC0000309,bacillibactin
BGC0000310,bacitracin
BGC0000311,balhimycin
BGC0000312,bassianolide
BGC0000313,beauvericin
BGC0000314,bromoalterochromide A
BGC0000315,"CDA1b, CDA2a, CDA2b, CDA3a, CDA3b, CDA4a, CDA4b"
BGC0000316,"capreomycin IA, capreomycin IB, capreomycin IIA, capreomycin IIB"
BGC0000317,cephalosporin C
BGC0000318,"cephalosporin, cefEFG genes"
BGC0000319,cephamycin C
BGC0000320,cereulide
BGC0000321,chaetocin
BGC0000322,chloroeremomycin
BGC0000323,"cichofactin A, cichofactin B"
BGC0000324,coelibactin
BGC0000325,coelichelin
BGC0000326,isocomplestatin
BGC0000327,netropsin
BGC0000328,coronatine
BGC0000329,"corpeptin A, corpeptin B"
BGC0000330,cupriachelin
BGC0000331,cyanopeptolin
BGC0000332,cyanopeptolin
BGC0000333,cyclomarin D
BGC0000334,cyclosporin
BGC0000335,"cystomanamide A, cystomanamide B, cystomanamide C, cystomanamide D"
BGC0000336,daptomycin
BGC0000337,destruxin A
BGC0000338,echinocandin B
BGC0000339,echinomycin
BGC0000340,"echoside A, echoside B, echoside C, echoside D, echoside E"
BGC0000341,enduracidin
BGC0000342,enniatin
BGC0000343,enterobactin
BGC0000344,entolysin
BGC0000345,eponemycin
BGC0000346,epoxomicin
BGC0000347,equibactin
BGC0000348,ergovaline
BGC0000349,erythrochelin
BGC0000350,ET-743
BGC0000351,exochelin
BGC0000352,fimsbactin A
BGC0000353,tacrolimus
BGC0000354,"friulimicin A, friulimicin B, friulimicin C, friulimicin D"
BGC0000355,"fumiquinazoline A, fumiquinazoline C, fumiquinazoline D"
BGC0000356,"brevianamide F, demethoxyfumitremorgin C, fumitremorgin B, fumitremorgin c, tryprostatin A, tryprostatin B, verruculogen"
BGC0000357,"cyclo-(D-Phe-L-Phe-D-Ile-L-Val), cyclo-(D-Phe-L-Phe-D-Val-L-Ile), cyclo-(D-Phe-L-Phe-D-Val-L-Val), cyclo-(D-Phe-L-Trp-D-Val-L-Val), cyclo-(D-Tyr-L-Phe-D-Ile-L-Val), cyclo-(D-Tyr-L-Phe-D-Val-L-Ile), cyclo-(D-Tyr-L-Phe-D-Val-L-Val), cyclo-(D-Tyr-L-Trp-D-Ile-L-Val), cyclo-(D-Tyr-L-Trp-D-Val-L-Ile), cyclo-(D-Tyr-L-Trp-D-Val-L-Val)"
BGC0000358,"fusaricidin A, fusaricidin B, LI-F05a, LI-F05b, LI-F08a, LI-F08b"
BGC0000359,"fuscachelin A, fuscachelin B, fuscachelin C"
BGC0000360,GE81112
BGC0000361,"bisdethiobis(methylthio)gliotoxin, gliotoxin"
BGC0000362,glycopeptidolipid
BGC0000363,glycopeptidolipid
BGC0000364,glycopeptidolipid
BGC0000365,glycopeptidolipid
BGC0000366,"gobichelin A, gobichelin B"
BGC0000367,gramicidin
BGC0000368,griseobactin
BGC0000369,hassallidin C
BGC0000370,HC toxin
BGC0000371,"heterobactin A, heterobactin S2"
BGC0000372,"astechrome, hexadehydroastechrome, terezine-D"
BGC0000373,holomycin
BGC0000374,"hormaomycin, hormaomycin A1, hormaomycin A2, hormaomycin A3, hormaomycin A4, hormaomycin A5, hormaomycin A6"
BGC0000375,indigoidine
BGC0000376,"JBIR-34, JBIR-35"
BGC0000377,koranimine
BGC0000378,kutzneride 2
BGC0000379,glycinocin A
BGC0000380,leupyrrin
BGC0000381,lichenysin
BGC0000382,lipstatin
BGC0000383,"cepafungin, glidobactin A, luminmycin A"
BGC0000384,lyngbyatoxin
BGC0000385,lysobactin
BGC0000386,"malleobactin A, malleobactin B, malleobactin C, malleobactin D"
BGC0000387,mangotoxin
BGC0000388,mannopeptimycin
BGC0000389,massetolide A
BGC0000391,"methylpendolmycin, pendolmycin"
BGC0000392,mirubactin
BGC0000393,myxoprincomide-c506
BGC0000394,naphthyridinomycin
BGC0000395,nocardicin A
BGC0000396,nodularin
BGC0000397,nostocyclopeptide A2
BGC0000398,orfamide B
BGC0000399,"orfamide A, orfamide C"
BGC0000400,paenibacterin
BGC0000401,paenibactin
BGC0000402,"paenilarvin A, paenilarvin B, paenilarvin C"
BGC0000403,pelgipeptin
BGC0000404,penicillin
BGC0000405,"benzylpenicillin, isopenicillin N, phenoxymethylpenicillin, δ-(L-α-aminoadipyl)-L-cysteine-D-valine"
BGC0000406,phosphinothricintripeptide
BGC0000407,plipastatin
BGC0000408,polymyxin
BGC0000409,porothramycin A
BGC0000410,pseudomonine
BGC0000411,putisolvin
BGC0000412,pyochelin
BGC0000413,Pf-5 pyoverdine
BGC0000414,quinocarcin
BGC0000415,quinomycin
BGC0000416,"rhabdopeptide 1, rhabdopeptide 2, rhabdopeptide 3, rhabdopeptide 4"
BGC0000417,rhodochelin
BGC0000418,ristocetin
BGC0000419,ristomycin A
BGC0000420,"dehydrohistidyltryptophanyldiketopiperazine, glandicoline A, glandicoline B, histidyltryptophanyldiketopiperazine, meleagrine, roquefortine C, roquefortine D"
BGC0000421,"safracin A, safracin B"
BGC0000422,"saframycin A, saframycin B"
BGC0000423,scabichelin
BGC0000424,"serobactin A, serobactin B, serobactin C"
BGC0000425,sessilin A
BGC0000426,sevadicin
BGC0000427,"4-deoxygadusol, mycosporine glycine, shinorine"
BGC0000428,sibiromycin
BGC0000429,"skyllamycin A, skyllamycin B"
BGC0000430,spumigin E
BGC0000431,stenothricin
BGC0000432,streptothricin
BGC0000433,surfactin
BGC0000434,"SW-163C, SW-163E, SW-163F, SW-163G, UK-63598"
BGC0000435,syringafactin
BGC0000436,syringolin A
BGC0000437,syringomycin
BGC0000438,syringopeptin 25A
BGC0000439,taromycin A
BGC0000440,teicoplanin
BGC0000441,teicoplanin
BGC0000442,terrequinone A
BGC0000443,thanamycin
BGC0000444,thaxtomin A
BGC0000445,thiocoraline
BGC0000446,"9-deoxy tilivalline, dehydro tilivalline, dihydroxy-dehydro tilivalline, dihydroxy tilivalline, tilivalline"
BGC0000447,"tolaasin F, tolaasin I"
BGC0000448,tomaymycin
BGC0000449,tridecaptin
BGC0000450,triostin A
BGC0000451,turnerbactin
BGC0000452,tyrocidine
BGC0000453,valinomycin
BGC0000454,vanchrobactin
BGC0000455,vancomycin
BGC0000456,verlamelin
BGC0000457,vicibactin
BGC0000458,viomycin
BGC0000459,"fijimycin A, griseoviridin"
BGC0000460,vulnibactin
BGC0000461,WAP-8294A2
BGC0000462,viscosin
BGC0000463,"xantholysin A, xantholysin B, xantholysin C"
BGC0000464,"xenoamicin A, xenoamicin B"
BGC0000465,"xenortide A, xenortide B, xenortide C, xenortide D"
BGC0000466,yatakemycin
BGC0000467,yersiniabactin
BGC0000468,bottromycin A2
BGC0000469,bottromycin A2
BGC0000470,bottromycin D
BGC0000471,viridisamide A
BGC0000472,anacyclamide A10
BGC0000473,microcyclamide
BGC0000474,microcyclamide
BGC0000475,"patellamide A, patellamide C"
BGC0000476,patellamide B
BGC0000477,"patellin 2, patellin 3"
BGC0000478,"patellin 6, trunkamide"
BGC0000479,"prenylagaramide B, prenylagaramide C"
BGC0000480,"tenuecyclamide A, tenuecyclamide C"
BGC0000481,trichamide
BGC0000482,trunkamide
BGC0000483,"aeruginosamide B, aeruginosamide C"
BGC0000484,glycocin F
BGC0000485,acidocin B
BGC0000486,butyrivibriocin AR10
BGC0000487,carnocyclin
BGC0000488,circularin A
BGC0000489,enterocin AS-48
BGC0000490,garvicin ML
BGC0000491,gassericin A
BGC0000492,lactocyclicin Q
BGC0000493,leucocyclicin Q
BGC0000494,uberolysin
BGC0000495,actagardine
BGC0000496,AmfS
BGC0000497,"BHT-Aα, BHT-Aβ"
BGC0000498,bovicin HJ50
BGC0000499,butyrivibriocin OR79
BGC0000500,"carnolysin A1, carnolysin A2"
BGC0000501,catenulipeptin
BGC0000502,"cerecidin, cerecidin A1, cerecidin A2, cerecidin A3, cerecidin A4, cerecidin A5, cerecidin A6, cerecidin A7"
BGC0000503,cinnamycin
BGC0000504,"cytolysin ClyLl, cytolysin ClyLs"
BGC0000505,"enterocin W α, enterocin W β"
BGC0000506,entianin
BGC0000507,epicidin
BGC0000508,epidermin
BGC0000509,epilancin 15x
BGC0000510,epilancin K7
BGC0000511,ericin S
BGC0000513,"Ery-3, Ery-4, Ery-5, Ery-6, Ery-7, Ery-8, Ery-9"
BGC0000514,gallidermin
BGC0000515,geobacillin I
BGC0000516,geobacillin II
BGC0000517,"haloduracin α, haloduracin β"
BGC0000518,informatipeptin
BGC0000519,"labyrinthopeptin A1, labyrinthopeptin A2, labyrinthopeptin A3"
BGC0000520,"lacticin 3147 A1, lacticin 3147 A2"
BGC0000521,lacticin 481
BGC0000522,lacticin Z
BGC0000523,lactocin S
BGC0000525,"lichenicidin VK21 A1, lichenicidin VK21 A2"
BGC0000526,macedocin
BGC0000527,mersacidin
BGC0000528,michiganin A
BGC0000529,microbisporicin A2
BGC0000530,mutacin B-Ny266
BGC0000531,mutacin I
BGC0000532,mutacin II
BGC0000533,mutacin III
BGC0000534,mutacin K8
BGC0000535,nisin A
BGC0000536,nisin Q
BGC0000537,nisin U
BGC0000538,nisin Z
BGC0000539,nukacin ISK-1
BGC0000540,paenibacillin
BGC0000541,paenicidin A
BGC0000542,paenicidin B
BGC0000543,pep5
BGC0000544,planosporicin
BGC0000545,ruminococcin A
BGC0000546,SAL-2242
BGC0000547,salivaricin 9
BGC0000548,salivaricin A
BGC0000549,salivaricin D
BGC0000550,salivaricin G32
BGC0000551,SapB
BGC0000552,"SmbA, SmbB"
BGC0000553,SRO15-2212
BGC0000554,SRO15-3108
BGC0000555,"staphylococcin C55 α, staphylococcin C55 β"
BGC0000556,streptin
BGC0000557,streptococcin A-FF22
BGC0000558,sublancin 168
BGC0000559,subtilin
BGC0000560,subtilomycin
BGC0000561,thermophilin 1277
BGC0000562,variacin
BGC0000563,venezuelin
BGC0000564,clostridiolysin S
BGC0000565,goadsporin
BGC0000566,streptolysin S
BGC0000567,trifolitoxin
BGC0000568,microcin B17
BGC0000569,plantazolicin
BGC0000570,astexin-1
BGC0000571,burhizin
BGC0000572,capistruin
BGC0000573,"caulonodin I, caulonodin II"
BGC0000574,"caulosegnin I, caulosegnin II, caulosegnin III"
BGC0000575,lariatin
BGC0000576,rubrivinodin
BGC0000577,sphingonodin II
BGC0000578,SRO15-2005
BGC0000579,SSV-2083
BGC0000580,"xanthomonin I, xanthomonin II"
BGC0000581,microcin J25
BGC0000582,cypemycin
BGC0000583,grisemycin
BGC0000584,colicin V
BGC0000585,microcin C7
BGC0000586,microcin E492
BGC0000587,microcin H47
BGC0000588,microcin L
BGC0000589,microcin M
BGC0000590,microcin N
BGC0000591,marinostatin
BGC0000592,microviridin B
BGC0000593,microviridin J
BGC0000594,microviridin K
BGC0000595,SCO-2138
BGC0000596,SLI-2138
BGC0000597,SWA-2138
BGC0000598,"polytheonamide A, polytheonamide B"
BGC0000599,"thuricin CD α, thuricin CD β"
BGC0000600,thurincin H
BGC0000601,sporulation killing factor
BGC0000602,subtilosin A
BGC0000603,cyclothiazomycin
BGC0000604,GE2270A
BGC0000605,GE37468
BGC0000606,lactazole
BGC0000607,micrococcin P1
BGC0000608,nocathiacin
BGC0000609,nocathiacin
BGC0000610,nosiheptide
BGC0000611,siomycin A
BGC0000612,thiocillin I
BGC0000613,thiomuracin A
BGC0000614,thiostrepton
BGC0000615,TP-1161
BGC0000616,amylocyclicin
BGC0000617,coagulin
BGC0000618,enterocin A
BGC0000619,gassericin T
BGC0000620,lacticin Q
BGC0000621,linaclotide
BGC0000622,megacin
BGC0000623,"plantaricin W α, plantaricin W β"
BGC0000624,"salivaricin CRL1328 α peptide, salivaricin CRL1328 β peptide"
BGC0000625,thioviridamide
BGC0000626,thuricin
BGC0000627,ustiloxin B
BGC0000628,lactocillin
BGC0000629,aflatrem
BGC0000630,"(2R,3S,3'S)-2-hydroxyastaxanthin"
BGC0000631,"botcinin H, botcinin I, botcinin J, botcinin K, cinbotolide D"
BGC0000632,brasilicardin A
BGC0000633,carotenoid
BGC0000634,carotenoid
BGC0000635,carotenoid
BGC0000636,carotenoid
BGC0000637,carotenoid
BGC0000638,carotenoid
BGC0000639,carotenoid
BGC0000640,carotenoid
BGC0000641,carotenoid
BGC0000642,carotenoid
BGC0000643,carotenoid
BGC0000644,carotenoid
BGC0000645,carotenoid
BGC0000646,β-carotein
BGC0000647,carotenoid
BGC0000648,carotenoid
BGC0000649,carotenoid
BGC0000650,carotenoid
BGC0000651,KS-505a
BGC0000652,napyradiomycin
BGC0000653,pentalenolactone
BGC0000654,phenalinolactone A
BGC0000655,siomycin
BGC0000656,zeaxanthin
BGC0000657,2-methylisoborneol
BGC0000658,2-methylisoborneol
BGC0000659,2-methylisoborneol
BGC0000660,albaflavenone
BGC0000661,geosmin
BGC0000662,grixazone A
BGC0000663,hopene
BGC0000664,isorenieratene
BGC0000665,xiamycin
BGC0000666,xiamycin A
BGC0000667,PR-toxin
BGC0000668,"12-epi-fischerindole I isonitrile, 12-epi-fischerindole U isonitrile, 12-epi-hapalindole C isonitrile, 12-epi-hapalindole E, 3-epi-welwitindolinone B isothiocyanate, 3-(Z-2'-isocyanoethenyl)-indole, fischerindole L, N-methylwelwitindolinone C isothiocyanate, N-methylwelwitinsolinone C isonitrile, welwitindolinone A isonitrile, welwitindolinone B isothiocyanate, welwitindolinone C isothiocyanate"
BGC0000669,marneral
BGC0000670,"thaliandiol, thalianol"
BGC0000671,momilactone
BGC0000672,"oryzalides, phytocassane"
BGC0000673,"pimara-8(14),15-diene"
BGC0000674,(-)-δ-cadinene
BGC0000675,(+)-T-muurolol
BGC0000676,"17-deoxyaphidicolin, 3-deoxyaphidicolin, aphidicolan-16β-ol, aphidicolin"
BGC0000677,cyclooctatin
BGC0000678,pentalenolactone
BGC0000679,diazepinomicin
BGC0000680,"austinol, dehydroaustinol"
BGC0000682,terretonin
BGC0000683,avermitilol
BGC0000684,asperthecin
BGC0000685,brassicicene C
BGC0000686,helvolic acid
BGC0000687,phyllocladan-16α-ol
BGC0000688,copalyl diphosphate
BGC0000689,2-deoxystreptamine
BGC0000690,hydroxystreptomycin
BGC0000691,acarbose
BGC0000692,apramycin
BGC0000693,"butirosin A, butirosin B"
BGC0000694,butirosin
BGC0000695,fortimicin
BGC0000696,gentamicin
BGC0000697,gentamicin
BGC0000698,hygromycin A
BGC0000699,hygromycin A
BGC0000700,istamycin
BGC0000701,jinggangmycin
BGC0000702,kanamycin
BGC0000703,kanamycin
BGC0000704,kanamycin
BGC0000705,kanamycin
BGC0000706,kanamycin
BGC0000707,kasugamycin
BGC0000708,lividomycin
BGC0000709,neomycin
BGC0000710,neomycin
BGC0000711,neomycin
BGC0000712,paromomycin
BGC0000713,ribostamycin
BGC0000714,sisomicin
BGC0000715,actinospectacin
BGC0000716,spectinomycin
BGC0000717,streptomycin
BGC0000718,streptomycin
BGC0000719,tobramycin
BGC0000720,tobramycin
BGC0000721,tobramycin
BGC0000722,validamycin A
BGC0000723,validamycin A
BGC0000724,streptomycin
BGC0000725,alginate
BGC0000726,alginate
BGC0000727,indigoidine
BGC0000728,capsular polysaccharide
BGC0000729,capsular polysaccharide
BGC0000730,capsular polysaccharide
BGC0000731,capsular polysaccharide
BGC0000732,capsular polysaccharide
BGC0000733,capsular polysaccharide
BGC0000734,capsular polysaccharide
BGC0000735,capsular polysaccharide
BGC0000736,capsular polysaccharide
BGC0000737,capsular polysaccharide
BGC0000738,capsular polysaccharide
BGC0000739,capsular polysaccharide
BGC0000740,capsular polysaccharide
BGC0000741,capsular polysaccharide
BGC0000742,capsular polysaccharide
BGC0000743,capsular polysaccharide
BGC0000744,capsular polysaccharide
BGC0000745,capsular polysaccharide
BGC0000746,capsular polysaccharide
BGC0000747,capsular polysaccharide
BGC0000748,capsular polysaccharide
BGC0000749,capsular polysaccharide
BGC0000750,capsular polysaccharide
BGC0000751,capsular polysaccharide
BGC0000752,capsular polysaccharide
BGC0000753,capsular polysaccharide
BGC0000754,capsular polysaccharide
BGC0000755,capsular polysaccharide
BGC0000756,capsular polysaccharide
BGC0000757,capsular polysaccharide
BGC0000758,capsular polysaccharide
BGC0000759,diutan polysaccharide
BGC0000760,emulsan
BGC0000761,exopolysaccharide
BGC0000762,exopolysaccharide
BGC0000763,stewartan
BGC0000764,exopolysaccharide
BGC0000765,exopolysaccharide
BGC0000766,exopolysaccharide
BGC0000767,exopolysaccharide
BGC0000768,gellan polysaccharide
BGC0000769,glycopeptidolipid
BGC0000770,lipo-oligosaccharide
BGC0000771,lipo-oligosaccharide
BGC0000772,lipopolysaccharide
BGC0000773,lipopolysaccharide
BGC0000774,lipopolysaccharide
BGC0000775,lipopolysaccharide
BGC0000776,lipopolysaccharide
BGC0000777,lipopolysaccharide
BGC0000778,lipopolysaccharide
BGC0000779,lipopolysaccharide
BGC0000780,O&K-antigen
BGC0000781,O-antigen
BGC0000782,O-antigen
BGC0000783,O-antigen
BGC0000784,O-antigen
BGC0000785,O-antigen
BGC0000786,O-antigen
BGC0000787,O-antigen
BGC0000788,O-antigen
BGC0000789,O-antigen
BGC0000790,O-antigen
BGC0000791,O-antigen
BGC0000792,polysaccharide
BGC0000793,lipopolysaccharide oligosaccharide
BGC0000794,S-layer glycan
BGC0000795,S-layer glycan
BGC0000796,S-layer glycan
BGC0000797,sphingan polysaccharide
BGC0000798,dhurrin
BGC0000799,colanic acid
BGC0000800,xanthan
BGC0000801,galactoglucan
BGC0000802,succinoglycan
BGC0000803,GG exopolysaccharide
BGC0000804,"acarviostatin I03, acarviostatin II03, acarviostatin III03, acarviostatin IV03"
BGC0000805,moenomycin
BGC0000806,phosphonoglycans
BGC0000807,phosphonoglycans
BGC0000808,cepacian
BGC0000809,AT2433-A1
BGC0000810,benzoxazinone DIMBOA
BGC0000811,fumigaclavine C
BGC0000812,huperzine A
BGC0000813,K-252a
BGC0000814,K-252a
BGC0000815,"loline, N-acetylnorloline, N-formylloline"
BGC0000816,malbrancheamide A
BGC0000817,methylarcyriarubin
BGC0000818,notoamide A
BGC0000819,paraherquamide
BGC0000820,physostigmine
BGC0000821,rebeccamycin
BGC0000822,rebeccamycin
BGC0000823,rebeccamycin
BGC0000824,scytonemin
BGC0000825,staurosporine
BGC0000826,staurosporine
BGC0000827,staurosporine
BGC0000828,violacein
BGC0000829,violacein
BGC0000830,violacein
BGC0000831,violacein
BGC0000832,clorobiocin
BGC0000833,coumermycin A1
BGC0000834,cathomycin
BGC0000835,simocyclinone
BGC0000836,APE Ec
BGC0000837,APE Vf
BGC0000838,flexirubin
BGC0000839,flexirubin
BGC0000840,xanthomonadin I
BGC0000841,"2-formyloxymethylclavam, 2-hydroxymethylclavam, alanylclavam, clavam-2-carboxylate, clavulanic acid"
BGC0000842,carbapenem MM4550
BGC0000843,"2-formyloxymethylclavam, 2-hydroxymethylclavam, alanylclavam, clavam-2-carboxylate"
BGC0000844,clavulanic acid
BGC0000845,clavulanic acid
BGC0000846,tabtoxin
BGC0000847,thienamycin
BGC0000848,A-factor
BGC0000849,"SCB1, SCB2, SCB3"
BGC0000850,γ-butyrolactone
BGC0000851,albonoursin
BGC0000852,ectoine
BGC0000853,ectoine
BGC0000854,ectoine
BGC0000855,ectoine
BGC0000856,ectoine
BGC0000857,ectoine
BGC0000858,ectoine
BGC0000859,ectoine
BGC0000860,ectoine
BGC0000861,eicosapentaenoic acid
BGC0000862,eicosapentaenoic acid
BGC0000863,eicosapentaenoic acid
BGC0000864,eicosapentaenoic acid-like compound
BGC0000865,eicoseicosapentaenoic acid
BGC0000866,polyhydroxyalkanoate
BGC0000867,polyhydroxyalkanoic acids
BGC0000868,teichuronic acid
BGC0000869,heterocyst glycolipids
BGC0000870,mycolic acid
BGC0000871,"AEPE, TG-1, VEPE"
BGC0000872,"A-90289 A, A-90289 B"
BGC0000873,A-201A
BGC0000874,blasticidin S
BGC0000875,"caprazamycin, caprazamycin aglycon"
BGC0000876,neopolyoxin C
BGC0000877,"polyoxin A, polyoxin H"
BGC0000878,puromycin
BGC0000879,"sangivamycin, toyocamycin"
BGC0000880,tunicamycin B1
BGC0000881,toyocamycin
BGC0000882,mildiomycin
BGC0000883,arginomycin
BGC0000884,3-methylarginine
BGC0000885,4-hydroxy-3-nitrosobenzamide
BGC0000886,allylmalonyl-CoA
BGC0000887,"decarbamoylgonyautoxin 2, decarbamoylgonyautoxin 3, decarbamoylsaxitoxin, gonyautoxin 2, gonyautoxin 3, gonyautoxin 5, saxitoxin, toxin C2, toxin C3"
BGC0000888,bacilysin
BGC0000889,"bagremycin A, bagremycin B"
BGC0000890,pentabromopseudilin
BGC0000891,pentabromopseudilin
BGC0000892,caryoynencin
BGC0000893,chloramphenicol
BGC0000894,citrinin
BGC0000895,citrulline
BGC0000896,cycloserine
BGC0000897,dehydrophos
BGC0000898,"desosamine, narbomycin, neomethymycin, pikromycin"
BGC0000899,desosamine
BGC0000900,ferrichrome
BGC0000901,ferrichrome
BGC0000902,flaviolin
BGC0000903,fluorometabolite
BGC0000904,FR-900098
BGC0000905,heme D1
BGC0000906,heme D1
BGC0000907,lincomycin
BGC0000908,melanin
BGC0000909,melanin
BGC0000910,melanin
BGC0000911,melanin
BGC0000912,melanin
BGC0000913,MK-8
BGC0000914,methylenomycin A
BGC0000915,mitomycin
BGC0000916,molybdenum cofactor
BGC0000917,molybdenum cofactor
BGC0000918,ochronotic pigment
BGC0000919,phaseolotoxin
BGC0000920,polyhydroxyalkanoates
BGC0000921,promysalin
BGC0000922,pseudomonas quinolone signal (PQS)
BGC0000923,paerucumarin
BGC0000924,pyrrolnitrin
BGC0000925,quinolobactin
BGC0000926,rhizocticin A
BGC0000927,roseoflavin
BGC0000928,T3 toxin
BGC0000929,xanthothricin
BGC0000930,deoxynivalenol
BGC0000931,trichothecene
BGC0000932,"hydroxytropodithietic acid, tropodithietic acid"
BGC0000933,xiamenmycin A
BGC0000934,"5-(2-hydroxyacetyl)-5,10-dihydrophenazine-1-carboxylic acid, 5-acetyl-5,10-dihydrophenazine-1-carboxylic acid, endophenazine A1, endophenazine F, endophenazine G"
BGC0000935,esmeraldin
BGC0000936,pyocyanine
BGC0000937,"fosfazinomycin A, fosfazinomycin B"
BGC0000938,fosfomycin
BGC0000939,aerobactin
BGC0000940,"desferrioxamin B, desferrioxamine E"
BGC0000941,desferrioxamin B
BGC0000942,petrobactin
BGC0000943,staphyloferrin B
BGC0000944,staphyloferrin A
BGC0000945,vibriobactin
BGC0000946,vibrioferrin
BGC0000947,vibrioferrin
BGC0000948,α-galactosylceramide
BGC0000949,"A-500359 A, A-500359 B"
BGC0000950,"mureidomycin A, mureidomycin B, napsamycin A, napsamycin B, napsamycin C, napsamycin D"
BGC0000951,"pacidamycin 1, pacidamycin 2, pacidamycin 3, pacidamycin 4, pacidamycin 5, pacidamycin 6, pacidamycin 7, pacidamycin D"
BGC0000952,pristinamycin
BGC0000953,amicetin
BGC0000954,ajudazol A
BGC0000955,althiomycin
BGC0000956,andrimid
BGC0000957,mycotrienin I
BGC0000958,antimycin
BGC0000959,"aspyridone A, aspyridone B"
BGC0000960,azinomycin B
BGC0000961,bactobolin
BGC0000962,barbamide
BGC0000963,bleomycin
BGC0000964,"burkholdac A, burkholdac B"
BGC0000965,C-1027
BGC0000966,caerulomycin A
BGC0000967,"calyculin A, calyculinamide A, dephosphonocalyculin A, phosphocalyculin A"
BGC0000968,"chaetoglobosin A, chaetoglobosin C"
BGC0000969,chondramide A
BGC0000970,chondrochloren A
BGC0000971,cinnabaramide A
BGC0000972,"cis-7-tetradecenoyl-D-asparagine, N-myristoyl-D-asparagine, (R)-N1-((S)-5-oxohexan-2-yl)-2-tetradecanamidosuccinamide"
BGC0000973,collismycin A
BGC0000974,crocacin
BGC0000975,cryptophycin-327
BGC0000976,curacin A
BGC0000977,cyclopiazonic acid
BGC0000978,cylindrospermopsin
BGC0000979,cylindrospermopsin
BGC0000980,cylindrospermopsin
BGC0000981,cylindrospermopsin
BGC0000982,cystothiazole A
BGC0000983,"cytochalasin E, cytochalasin K"
BGC0000984,"delftibactin A, delftibactin B"
BGC0000985,"dehydrodidemnin B (aplidine), didemnin B, didemnin X, didemnin Y, nordidemnin B"
BGC0000986,"dkxanthene, dkxanthene 504, dkxanthene 508, dkxanthene 518, dkxanthene 520, dkxanthene 530, dkxanthene 534, dkxanthene 544, dkxanthene 548, dkxanthene 556, dkxanthene 560, dkxanthene 574, dkxanthene 586"
BGC0000988,epothilone B
BGC0000989,epothilone
BGC0000990,epothilone
BGC0000991,epothilone
BGC0000992,"(3R,5S)-5-(4-hydroxybenzyl)-3-methyl-3-((2E,4E,6E,8E,10E)-4,8,10-trimethyldodeca-2,4,6,8,10-pentaenoyl)pyrrolidine-2,4-dione, fusaridione A"
BGC0000993,FR901228
BGC0000994,FR-900520
BGC0000995,FR901464
BGC0000996,"frontalamide A, frontalamide B"
BGC0000997,"glidobactin, glidobactin B, glidobactin C"
BGC0000998,"guadinomic acid, guadinomine, guadinomine B"
BGC0000999,heat-stable antifungal factor
BGC0001000,hectochlorin
BGC0001001,"jamaicamide A, jamaicamide B, jamaicamide C"
BGC0001002,jawsamycin
BGC0001003,α-lipomycin
BGC0001004,lobophorin B
BGC0001005,"locillomycin, locillomycin B, locillomycin C"
BGC0001006,"lymphostin, lymphostinol, neolymphostin B, neolymphostinol B"
BGC0001007,"lymphostin, lymphostinol, neolymphostin b, neolymphostinol B"
BGC0001008,maduropeptin
BGC0001009,melithiazol A
BGC0001010,melithiazol A
BGC0001011,meridamycin
BGC0001012,meridamycin
BGC0001013,meridamycin
BGC0001014,micacocidin
BGC0001015,microcystin
BGC0001016,microcystin
BGC0001017,microcystin LR
BGC0001018,micropeptin K139
BGC0001019,microsclerodermin M
BGC0001020,muraymycin C1
BGC0001021,mycobactin
BGC0001022,"myxalamid, myxalamid A, myxalamid C, myxalamid D"
BGC0001023,myxochromide S1
BGC0001024,myxothiazol
BGC0001025,myxovirescin A1
BGC0001026,NG-391
BGC0001027,"nocobactin NA, nocobactin NA 10152B"
BGC0001028,nostopeptolide A2
BGC0001029,nostophycin
BGC0001030,ochratoxin A
BGC0001031,oocydin A
BGC0001032,oocydin A
BGC0001033,"paenilamicin, paenilamicin A2, paenilamicin B1, paenilamicin B2"
BGC0001034,"pellasoren, pellasoren B"
BGC0001035,"pneumocandin A0, pneumocandin B0"
BGC0001036,polyoxypeptin
BGC0001037,"azaspirene, pseurotin"
BGC0001038,pyralomicin 1a
BGC0001039,pyridomycin
BGC0001040,rapamycin
BGC0001041,salinosporamide A
BGC0001042,sanglifehrin A
BGC0001043,"SGR PTM Compound b, SGR PTM Compound c, SGR PTM Compound d, SGR PTMs"
BGC0001044,sirodesmin PL
BGC0001045,spiruchostatin A
BGC0001046,streptolydigin
BGC0001047,syringolin A
BGC0001048,"tallysomycin A, tallysomycin B"
BGC0001049,tenellin
BGC0001050,thalassospiramide A
BGC0001051,thuggacin A
BGC0001052,tirandamycin
BGC0001053,tubulysin A
BGC0001054,"xenocoumacin 1, xenocoumacin II"
BGC0001055,yersiniabactin
BGC0001056,"prezeamine, prezeamine I, zeamine, zeamine I, zeamine II"
BGC0001057,zearalenone
BGC0001058,zorbamycin
BGC0001059,zwittermicin A
BGC0001060,dynemicin A
BGC0001061,polyketomycin
BGC0001062,TLN-05220
BGC0001063,undecylprodigiosin
BGC0001064,"cylindrocyclophane D, cylindrocyclophane E, cylindrocyclophane F"
BGC0001065,herboxidiene
BGC0001066,kendomycin
BGC0001067,"fumagillin, fumagillol, β-trans-bergamotene"
BGC0001068,pyripyropene A
BGC0001069,chivosazol
BGC0001070,kirromycin
BGC0001071,nosperin
BGC0001072,simocyclinone D8
BGC0001073,kosinostatin
BGC0001074,cosmomycin D
BGC0001075,aurachin RE
BGC0001076,"liposidomycin A, liposidomycin B, liposidomycin C, liposidomycin G, liposidomycin H, liposidomycin K, liposidomycin L, liposidomycin M, liposidomycin N, liposidomycin Z"
BGC0001077,alkyl-O-dihydrogeranyl-methoxyhydroquinones
BGC0001078,furaquinocin B
BGC0001079,"napyradiomycin 2, napyradiomycin 3, napyradiomycin 4, napyradiomycin A80915C"
BGC0001080,"endophenazine A, endophenazine B"
BGC0001081,lolitrem F
BGC0001082,"13-dehydroxypaxilline, paspaline, paspaline B, paxilline"
BGC0001083,"deschloro-merochlorin A, deschloro-merochlorin B, dichloro-merochlorin B, isochloro-merochlorin B, merochlorin A, merochlorin B, merochlorin C, merochlorin D"
BGC0001084,notoamide A
BGC0001085,teleocidin B1
BGC0001086,astaxanthin dideoxyglycoside
BGC0001087,sioxanthin
BGC0001088,albicidin
BGC0001089,bacillaene
BGC0001090,bacillomycin D
BGC0001091,corallopyronin
BGC0001092,diaphorin
BGC0001093,disorazol A
BGC0001094,enacyloxin IIa
BGC0001095,fengycin
BGC0001096,FR901464
BGC0001098,iturin
BGC0001099,kalimantacin A
BGC0001100,lankacidin C
BGC0001101,leinamycin
BGC0001102,malleilactone
BGC0001103,mycosubtilin
BGC0001104,myxovirescin A1
BGC0001105,onnamide A
BGC0001106,oxalomycin B
BGC0001107,patellazole
BGC0001108,"pederin, pederone, pseudopederin"
BGC0001109,pederin
BGC0001110,"irciniastatin B, psymberin"
BGC0001111,rhizopodin
BGC0001112,rhizoxin A
BGC0001113,"FR901464, spliceostatin"
BGC0001114,thailanstatin A
BGC0001115,thiomarinol
BGC0001116,virginiamycin S1
BGC0001117,himastatin
BGC0001118,endocrocin
BGC0001119,"divergolide A, divergolide B, divergolide C, divergolide D"
BGC0001120,burkholderic acid
BGC0001121,orsellinic acid
BGC0001122,"dihydroisoflavipucine, isoflavipucine"
BGC0001123,aspirochlorine
BGC0001124,pyranonigrin E
BGC0001125,"puwainaphycin A, puwainaphycin B, puwainaphycin C, puwainaphycin D"
BGC0001126,"12-epi-hapalindole J isonitrile, ambiguine A isonitrile, ambiguine B isonitrile, ambiguine C isonitrile, ambiguine D isonitrile, ambiguine E isonitrile, ambiguine I isonitrile, ambiguine J isonitrile, ambiguine K isonitrile, ambiguine L isonitrile"
BGC0001127,jagaricin
BGC0001128,gamexpeptide C
BGC0001129,xenolindicin A
BGC0001130,"fabclavine Ia, fabclavine Ib, fabclavine IIa, fabclavine IIb"
BGC0001131,ambactin
BGC0001132,xenotetrapeptide
BGC0001133,taxlllaid A
BGC0001134,"photopyrone A, photopyrone B, photopyrone C, photopyrone D, photopyrone E, photopyrone F, photopyrone G, photopyrone H"
BGC0001135,"bicornutin A1, bicornutin A2"
BGC0001136,desmethylbassianin
BGC0001137,"marinacarboline A, marinacarboline B, marinacarboline C, marinacarboline D"
BGC0001138,a201a
BGC0001140,"platencin, platensimycin, thioplatencin, thioplatensimycin"
BGC0001141,4-epi-15-epi-brefeldin A
BGC0001142,tryptoquialanine
BGC0001143,"azanigerone A, azanigerone B, azanigerone C, azanigerone D, azanigerone E, azanigerone F"
BGC0001144,neosartoricin B
BGC0001145,cyclothiazomycin b1
BGC0001146,cyclothiazomycin C
BGC0001147,"congocidine, disgocidine, distamycin"
BGC0001148,pheganomycin
BGC0001149,brabantamide A
BGC0001150,pamamycin-607
BGC0001151,"(-)-2-(2-hydroxyethyl)clavam, valclavam"
BGC0001152,fusaricidin B
BGC0001153,polymyxin B
BGC0001154,cacibiocin B
BGC0001155,GE2270
BGC0001156,platencin
BGC0001157,bottromycin A2
BGC0001158,bikaverin
BGC0001159,"marinopyrrole A, marinopyrrole B, marinopyrrole C, marinopyrrole D, marinopyrrole E"
BGC0001160,"(14Z)-1,14-nonadecadiene, 1-nonadecene"
BGC0001161,1-heptadecene
BGC0001162,1-heptadecene
BGC0001163,1-heptadecene
BGC0001164,1-heptadecene
BGC0001165,curacin A
BGC0001166,HC-toxin
BGC0001167,"piricyclamide 7005E1, piricyclamide 7005E2, piricyclamide 7005E3, piricyclamide 7005E4"
BGC0001168,livipeptin
BGC0001169,piericidin A1
BGC0001170,clostridiolysin S
BGC0001171,listeriolysin S
BGC0001172,chlorizidine A
BGC0001173,plantazolicin
BGC0001174,corynazolicin
BGC0001176,streptomonomicin
BGC0001177,mensacaricin
BGC0001178,"UK-68,597"
BGC0001179,"rishirilide A, rishirilide B"
BGC0001180,"benvitimod, Not named"
BGC0001181,geosmin
BGC0001182,chaetoglobosins
BGC0001183,lobophorin A
BGC0001184,bacilysin
BGC0001185,bacillibactin
BGC0001186,misakinolide A
BGC0001187,xenolozoyenone
BGC0001188,legonaridin
BGC0001189,taiwachelin
BGC0001190,fusaric acid
BGC0001191,A-102395
BGC0001192,"colistin A, colistin B"
BGC0001193,thiolutin
BGC0001194,hitachimycin
BGC0001195,"nocardiopsin A, nocardiopsin B, nocardiopsin C, nocardiopsin D"
BGC0001196,desotamide
BGC0001197,frankiamicin
BGC0001198,(+)-O-methylkolavelool
BGC0001199,akaeolide
BGC0001200,lorneic acid A
BGC0001201,eremophilene
BGC0001202,landepoxcin
BGC0001203,clarexpoxcin
BGC0001204,versipelostatin
BGC0001205,"communesin A, communesin B, communesin C, communesin D, communesin E, communesin G, communesin H"
BGC0001206,indolmycin
BGC0001207,teixobactin
BGC0001208,poaeamide A
BGC0001209,streptide
BGC0001210,pseudomycoicidin
BGC0001211,albachelin
BGC0001212,nannocystin a
BGC0001213,nataxazole
BGC0001214,"marformycin A, marformycin B, marformycin C, marformycin D, marformycin E, marformycin F"
BGC0001215,conglobatin
BGC0001216,splenocin C
BGC0001217,PreQ0 Base
BGC0001218,fumosorinone
BGC0001219,shanorellin
BGC0001220,aculeacin A
BGC0001221,"marinophenazine A, phenaziterpene A"
BGC0001222,acidocin B
BGC0001223,hydroxysporine
BGC0001224,reductasporine
BGC0001225,celesticetin
BGC0001226,streptocollin
BGC0001227,isorenieratene
BGC0001228,retimycin A
BGC0001229,"SBI-06989 A2, SBI-06990 A1"
BGC0001230,"desmethylsalinamide C, desmethylsalinamide E, salinamide A, salinamide B, salinamide C, salinamide D, salinamide E, salinamide F"
BGC0001231,microsclerodermin
BGC0001232,leucanicidin
BGC0001233,feglymycin
BGC0001234,"4,4'-piperazine-2,5-diyldimethyl-bis-phenol"
BGC0001235,antalid
BGC0001236,thiotetroamide
BGC0001237,thiolactomycin
BGC0001238,biotin
BGC0001239,biotin
BGC0001240,"serinocyclin A, serinocyclin B"
BGC0001241,ergotamine
BGC0001242,oxyjavanicin
BGC0001243,"botcinic acid, botcinin A, botryenalol, botryendial, dihydrobotrydial, β-O-Methyl-dihydrobotrydialone"
BGC0001244,(-)-Mellein
BGC0001245,lasiodiplodin
BGC0001246,trans-resorcylide
BGC0001247,cercosporin
BGC0001248,clavaric acid
BGC0001249,dimethylcoprogen
BGC0001250,epichloenin A
BGC0001251,epichloenin A
BGC0001252,UNII-YC2Q1O94PT
BGC0001253,ACT-Toxin I
BGC0001254,ACT-Toxin II
BGC0001255,equisetin
BGC0001256,atromentin
BGC0001257,"1,3,6,8-tetrahydroxynaphthalene"
BGC0001258,"1,3,6,8-tetrahydroxynaphthalene"
BGC0001259,elsinochrome A
BGC0001260,terpendole E
BGC0001261,AM-toxin
BGC0001262,AK-toxin I
BGC0001263,ergometrinine
BGC0001264,"betaenone A, betaenone B, betaenone C"
BGC0001265,melanin
BGC0001266,grayanic acid
BGC0001267,"elymoclavine, lysergic acid"
BGC0001268,fusarin C
BGC0001269,"gibberellin A1, gibberellin A3, gibberellin A4, gibberellin A7, gibberellin A9"
BGC0001270,"gibberellin A1, gibberellin A3, gibberellin A4, gibberellin A7, gibberellin A9"
BGC0001271,emericellin
BGC0001272,"elsinochrome B, elsinochrome C"
BGC0001273,asperlactone
BGC0001274,"diacetylated lactonic sophorolipid, non-acetylated open-chain sophorolipid"
BGC0001275,6-methylsalicyclic acid
BGC0001276,6-methylsalicyclic acid
BGC0001277,"15-acetyldeoxynivalenol, 15-deacetylcalonectrin, 3-acetyldeoxynivalenol, 3-acetyl T-2 toxin, apotrichodiol, calonectrin, isotrichotriol, neosolaniol, nivalenol, T-2 toxin, trichodiene, vomitoxin"
BGC0001278,"15-acetyldeoxynivalenol, 15-decalonectrin, 3-acetyldeoxynivalenol, 3-acetyl T-2 toxin, apotrichodiol, calonectrin, deoxynivalenol, isotrichotriol, neosolaniol, nivalenol, T-2 toxin, trichodiene"
BGC0001279,"deoxysambucinol, roridin E, sambucinol"
BGC0001280,"betaenone A, betaenone C"
BGC0001281,ustilagic acid
BGC0001282,lolitriol
BGC0001283,arsono-polyketide
BGC0001284,alternariol
BGC0001285,"pseudopyronine A, pseudopyronine B"
BGC0001286,itaconic acid
BGC0001287,"chaxamycin A, chaxamycin B, chaxamycin C, chaxamycin D"
BGC0001288,maklamicin
BGC0001289,penisin
BGC0001290,"emericellamide A, emericellamide B"
BGC0001291,enterocin NKR-5-3B
BGC0001292,A33853
BGC0001293,cyclizidine
BGC0001294,7-prenylisatin
BGC0001295,cremeomycin
BGC0001296,streptazone E
BGC0001297,WS9326
BGC0001298,4-Z-annimycin
BGC0001299,chlorotonil A
BGC0001300,anthracimycin
BGC0001301,anthracimycin
BGC0001302,lomofungin
BGC0001303,"lobosamide A, lobosamide B, lobosamide C"
BGC0001304,aflavarin
BGC0001305,"fujikurin A, fujikurin B, fujikurin C, fujikurin D"
BGC0001306,asperipin 2a
BGC0001307,chaxapeptin
BGC0001308,"simocyclinone D10, simocyclinone D11, simocyclinone D9"
BGC0001309,usnic acid
BGC0001310,naringenin
BGC0001311,flavecins
BGC0001312,viscosin
BGC0001313,arabidiol-baruol
BGC0001314,tirucalla
BGC0001315,cucurbitacin
BGC0001316,"linamarin, lotaustralin"
BGC0001317,lupeol
BGC0001318,"linamarin, lotaustralin"
BGC0001319,α-tomatine
BGC0001320,"α-chaconine, α-solanine"
BGC0001321,monoterpenes-diterpenes
BGC0001322,lycosantalonol
BGC0001323,monoterpenes-diterpenes
BGC0001324,monoterpenes-diterpenes
BGC0001325,noscapine
BGC0001327,"rakicidin A, rakicidin B"
BGC0001328,"rakicidin A, rakicidin B"
BGC0001329,rakicidin D
BGC0001330,"BE-43547A1, BE-43547A2, BE-43547B1, BE-43547B2, BE-43547B3, BE-43547C1, BE-43547C2"
BGC0001331,"BE-43547A1, BE-43547A2, BE-43547B1, BE-43547B2, BE-43547B3, BE-43547C1, BE-43547C2"
BGC0001332,microtermolide A
BGC0001333,BE-54017
BGC0001334,"caldoniamide A, cladoniamide B, cladoniamide C7, cladoniamide D, cladoniamide E, cladoniamide F, cladoniamide G"
BGC0001335,"borregomycin A, borregomycin B, borregomycin C, borregomycin D"
BGC0001336,"erdasporine A, erdasporine B, erdasporine C"
BGC0001337,"lazarimide A, lazarimide B, lazarimide C"
BGC0001338,citrinin
BGC0001339,squalestatin S1
BGC0001340,byssochlamic acid
BGC0001341,valinomycin
BGC0001342,"Cmc-thuggacin A, Cmc-thuggacin B"
BGC0001343,"aurachin A, aurachin D"
BGC0001344,"tubulysin A, tubulysin B, tubulysin C, tubulysin D, tubulysin E, tubulysin F, tubulysin G, tubulysin H, tubulysin I"
BGC0001345,"myxochelin A, myxochelin B"
BGC0001346,"bananamide 1, bananamide 2, bananamide 3"
BGC0001347,poaeamide B
BGC0001348,JBIR-100
BGC0001349,"heronamide A, heronamide B, heronamide C, heronamide D, heronamide E, heronamide F"
BGC0001350,phormidolide
BGC0001351,"cahuitamycin A, cahuitamycin B, cahuitamycin C"
BGC0001352,Tu 3010
BGC0001353,thiolactomycin
BGC0001354,U-68204
BGC0001355,U-68204
BGC0001356,paeninodin
BGC0001357,"carbamidocyclophane A, carbamidocyclophane B, carbamidocyclophane C, carbamidocyclophane D, carbamidocyclophane E, carbamidocyclophane F, carbamidocyclophane H, carbamidocyclophane M, carbamidocyclophane N, carbamidocyclophane O, carbamidocyclophane P, carbamidocyclophane Q, carbamidocyclophane R, carbamidocyclophane S, carbamidocyclophane T, carbamidocyclophane U"
BGC0001358,"leucinostatin A, leucinostatin B"
BGC0001359,"PM100117, PM100118"
BGC0001360,mycophenolic acid
BGC0001361,sodorifen
BGC0001362,tropodithietic acid
BGC0001363,ralsolamycin
BGC0001364,cinnamycin B
BGC0001365,clapurines
BGC0001366,"BE-24566B, zunyimycin A"
BGC0001367,haliamide
BGC0001368,JBIR-126
BGC0001369,metatricycloene
BGC0001370,"lipopeptide 8D1-1, lipopeptide 8D1-2"
BGC0001371,echinocandin B
BGC0001372,penigequinolone A
BGC0001373,sordarin
BGC0001374,thienodolin
BGC0001375,"penitrem A, penitrem B, penitrem C, penitrem D, penitrem E, penitrem F"
BGC0001376,"hexaricin B, hexaricin C, WS79089A"
BGC0001377,uncialamycin
BGC0001378,tiancimycin
BGC0001379,BD-12
BGC0001380,salecan
BGC0001381,"brasilinolide A, brasilinolide B, brasilinolide C"
BGC0001382,svaricin
BGC0001383,"macrolactin 1c, macrolactin B, macrolactin E, macrolactin H"
BGC0001384,saprolmycin E
BGC0001385,"agnestadrides, byssochlamic acid"
BGC0001386,"JBIR-76, JBIR-77"
BGC0001387,nucleocidin
BGC0001388,gassericin E
BGC0001389,cichopeptin
BGC0001390,LL-Z1272beta
BGC0001391,thusin
BGC0001392,pinensins
BGC0001393,lugdunin
BGC0001394,phenalamide A2
BGC0001395,teichomycin A1
BGC0001396,"aldgamycin E, aldgamycin J, aldgamycin K, aldgamycin P"
BGC0001397,lidamycin
BGC0001398,"phomopsin A, phomopsin B, phomopsin E"
BGC0001399,fellutamide B
BGC0001400,citreoviridin
BGC0001401,"6'-Bromomelleolide F, 6'-chloromelleolide F, melleolide F"
BGC0001402,"cyclochlorotine, cyclochlorotine B, cyclotine, deoxy-Cyclochlorotine, hydroxycyclochlorotine A"
BGC0001403,trypacidin
BGC0001404,sorbicillin
BGC0001405,"11-epichaetomugilin A, chaetoviridin E"
BGC0001406,telomycin
BGC0001407,bicereucin
BGC0001408,xanthoferrin
BGC0001409,dutomycin
BGC0001410,polysaccharide A
BGC0001411,polysaccharide B
BGC0001412,polysaccharide C
BGC0001413,"cystobactamid 919-1, cystobactamid 919-2, cystobactamid 919-3"
BGC0001414,griselimycin
BGC0001415,althiomycin
BGC0001416,"nunamycin, nunapeptin"
BGC0001417,myxochromide D
BGC0001418,myxochromide D
BGC0001419,myxochromide D
BGC0001420,myxochromide D
BGC0001421,myxochromide B
BGC0001422,myxochromide A
BGC0001423,myxochromide C
BGC0001424,myxochromide C
BGC0001425,myxochromide A
BGC0001426,myxochromide A
BGC0001427,myxochromide A
BGC0001428,myxochromide A
BGC0001429,myxochromide S1
BGC0001430,myxochromide S
BGC0001431,myxochromide S
BGC0001432,myxochromide D
BGC0001433,"argimycin PI, argimycin PII, argimycin PIV, argimycin PIX, argimycin PV, argimycin PVI, nigrifactin"
BGC0001434,nematophin
BGC0001435,ikarugamycin
BGC0001436,cornexistin
BGC0001437,obafluorin
BGC0001438,"warkmycin CS1, warkmycin CS2"
BGC0001439,"antibiotic A2121-1, antibiotic HKI 10311129, cervimycin A, cervimycin C, cervimycin D"
BGC0001440,"cystargolide A, cystargolide B"
BGC0001441,"belactosin A, belactosin C"
BGC0001442,actinonin
BGC0001443,matlystatin A
BGC0001444,caboxamycin
BGC0001445,leporin B
BGC0001446,asparasone A
BGC0001447,primycin
BGC0001448,"malacidin A, malacidin B"
BGC0001449,ucs1025a
BGC0001450,"4'-oxomacrophorin A, 4'-oxomacrophorin D, 4'-oxomacrophorin E, macrophorin A"
BGC0001451,FR900359
BGC0001452,sipanmycin
BGC0001453,desferrioxamine
BGC0001454,germicidin
BGC0001455,antimycin
BGC0001456,isorenieratene
BGC0001457,"jomthonic acid A, jomthonic acid B, jomthonic acid C"
BGC0001458,salinipostin G
BGC0001459,decaplanin
BGC0001460,decaplanin
BGC0001461,nogabecin
BGC0001462,avoparcin
BGC0001463,"2,3,4,5-tetrabromopyrrole"
BGC0001464,tetrabromopyrrole
BGC0001465,"bistribromopyrrole, bromophene, pentabromopseudilin"
BGC0001466,wortmanamide
BGC0001467,hapalosin
BGC0001468,bicyclomycin
BGC0001469,marthiapeptide A
BGC0001470,macrobrevin
BGC0001471,saalfelduracin
BGC0001472,berninamycin A
BGC0001473,Sch 18640
BGC0001474,thiopeptin
BGC0001475,aspterric acid
BGC0001476,pseudouridimycin
BGC0001477,lydicamycin
BGC0001478,desferrioxamine E
BGC0001479,"anabaenopeptin NZ857, nostamide A"
BGC0001480,tundrenone
BGC0001481,α-acorenol
BGC0001483,5-isoprenylindole-3-carboxylate β-D-glycosyl ester
BGC0001484,"2'-amino-2'-deoxyadenosine, 2'-chloropentostatin"
BGC0001485,chuangxinmycin
BGC0001486,3-thiaglutamate
BGC0001487,"3,7-dihydroxytropolone"
BGC0001488,4-formylaminooxyvinylglycine
BGC0001489,6-hydroxymellein
BGC0001490,"6,6'-oxybis(2,4-dibromophenol)"
BGC0001491,67-121C
BGC0001492,"abyssomicin M, abyssomicin N, abyssomicin O, abyssomicin P, abyssomicin Q, abyssomicin R, abyssomicin S, abyssomicin T, abyssomicin U, abyssomicin V, abyssomicin W, abyssomicin X"
BGC0001493,achromosin
BGC0001494,acinetodin
BGC0001495,actinoallolide A
BGC0001496,actinokineosin
BGC0001497,actinonin
BGC0001498,aerobactin
BGC0001499,aerobactin
BGC0001500,allocyclinone
BGC0001501,ambiguine P
BGC0001502,amonabactin P 750
BGC0001503,"amycolamycin A, amycolamycin B"
BGC0001504,amycomicin
BGC0001505,"anacyclamide D8P, sphaerocyclamide"
BGC0001506,"anantin B1, anantin B2"
BGC0001507,anantin C
BGC0001508,andrastin A
BGC0001509,anikasin
BGC0001510,anisomycin
BGC0001511,ansamitocin P-3
BGC0001512,BE-24566B
BGC0001513,anthrabenzoxocinone
BGC0001514,aristeromycin
BGC0001515,aspercryptins
BGC0001516,aspergillic acid
BGC0001517,asperphenamate
BGC0001518,astellolide A
BGC0001519,aurantimycin A
BGC0001520,"aurantinin B, aurantinin C, aurantinin D"
BGC0001521,auriculamide
BGC0001522,auroramycin
BGC0001523,azalomycin F3a
BGC0001524,barnesin A
BGC0001525,"bartoloside 2, bartoloside 3, bartoloside 4"
BGC0001526,"bartoloside E, bartoloside F, bartoloside G, bartoloside H, bartoloside I, bartoloside J, bartoloside K"
BGC0001527,basidioferrin
BGC0001528,betaestacin
BGC0001529,"7-hydroxyl benzastatin B, 7-hydroxyl benzastatin D, 7-hydroxyl benzastatin F, 7-hydroxyl O-demethylbenzastatin A, 7-hydroxyl O-demethylbenzastatin D, benzastatin J, benzastatin K, JBIR-67, methylbenzastatin K, O-demethylvirantmycin, virantmycin"
BGC0001530,bicyclomycin
BGC0001531,bisucaberin B
BGC0001532,bogorol A
BGC0001533,borrelidin
BGC0001534,branched-chain fatty acids
BGC0001535,branched-chain fatty acids
BGC0001536,brevicidine
BGC0001537,butyrolactol A
BGC0001538,caboxamycin
BGC0001539,cattlecin
BGC0001540,CC-1065
BGC0001541,cercosporin
BGC0001542,cercosporin
BGC0001543,"chejuenolide A, chejuenolide B"
BGC0001544,chlorflavonin
BGC0001545,chrysogine
BGC0001546,chuangxinmycin
BGC0001547,citreohybridonol
BGC0001548,citrulassin A
BGC0001549,citrulassin B
BGC0001550,citrulassin D
BGC0001551,citrulassin E
BGC0001552,citrulassin F
BGC0001553,clifednamide A
BGC0001554,coenzyme F430
BGC0001555,colicin V
BGC0001556,combamide
BGC0001557,cornexistin
BGC0001558,cosmomycin C
BGC0001559,"crocagin A, crocagin B"
BGC0001560,cryptomaldamide
BGC0001561,curacomycin
BGC0001562,curacomycin
BGC0001563,curvupallide-B
BGC0001564,cusperin
BGC0001565,cyclosporin C
BGC0001566,cylindrocyclophane
BGC0001567,cysteoamide
BGC0001568,cytorhodin
BGC0001569,dechlorocuracomycin
BGC0001570,deimino-antipain
BGC0001571,demethoxyviridin
BGC0001572,desferrioxamine E
BGC0001573,dihydrolysergic acid
BGC0001574,diisonitrile antibiotic SF2768
BGC0001575,dipeptide aldehydes
BGC0001576,divamide A
BGC0001577,divamide B
BGC0001578,duclauxin
BGC0001579,duramycin
BGC0001580,ebelactone
BGC0001581,ECO-02301
BGC0001582,ecumicin
BGC0001583,emodin
BGC0001584,C-1027
BGC0001585,melinacidin IV
BGC0001586,EPS273
BGC0001587,ethylenediaminesuccinic acid hydroxyarginine (EDHA)
BGC0001588,exopolysaccharides
BGC0001589,exopolysaccharides
BGC0001590,formicamycins A-M
BGC0001591,"fatty acid enol ester, N-tetradecanoyl tyrosine"
BGC0001592,"bagremycin, ferroverdin"
BGC0001593,ficellomycin
BGC0001594,fischerindole L
BGC0001595,fischerindole
BGC0001596,fluostatins M-Q
BGC0001597,fluvirucin B2
BGC0001598,"foxicin, foxicin A, foxicin B, foxicin C"
BGC0001599,fragin
BGC0001600,fusarielin H
BGC0001601,gassericin-S
BGC0001602,gassericin-T
BGC0001603,gentamicin
BGC0001604,gibberellin
BGC0001605,gibberellin
BGC0001606,gibepyrone-A
BGC0001607,gilvusmycin
BGC0001608,glidopeptin
BGC0001609,gliovirin
BGC0001610,gougerotin
BGC0001611,guangnanmycin
BGC0001612,ambiguine H isonitrile
BGC0001613,harzianum B
BGC0001614,hassallidin E
BGC0001615,"hexose-palythine-serine, hexose-shinorine"
BGC0001616,himeic acid A
BGC0001617,hirsutene
BGC0001618,hyicin 3682
BGC0001619,ibomycin
BGC0001620,"ilamycin B1, ilamycin B2, ilamycin C1, ilamycin C2, ilamycin D, ilamycin E1"
BGC0001621,"imizoquin A, imizoquin B, imizoquin C, imizoquin D, TMC-2A, TMC-2B"
BGC0001622,"isatropolone A, isotropolone B, isotropolone C"
BGC0001623,ishigamide
BGC0001624,iso-A82775C
BGC0001625,isofuranonaphthoquinone
BGC0001626,isoindolinone
BGC0001627,isonitrile lipopeptides
BGC0001628,"JBIR-78, JBIR-95"
BGC0001629,jessenipeptin
BGC0001630,kasumigamide
BGC0001631,kasumigamide
BGC0001632,kawaguchipeptin A
BGC0001633,"ketomemicin B3, ketomemicin B4"
BGC0001634,keywimysin
BGC0001635,kistamicin A
BGC0001636,KK-1
BGC0001637,kleboxymycin
BGC0001638,klebsazolicin
BGC0001639,klebsidin
BGC0001640,kocurin
BGC0001641,kolossin
BGC0001642,koraiol
BGC0001643,lactomycins A-C
BGC0001644,"lacunalide A, lacunalide B"
BGC0001645,lagmysin
BGC0001646,lagriamide
BGC0001647,"lagunapyrone A, lagunapyrone B, lagunapyrone C"
BGC0001648,lasalocid
BGC0001649,lavendiol
BGC0001650,Le-pyrrolopyrazines
BGC0001651,legionaminic acid
BGC0001652,"limazepine A, limazepine C, limazepine D, limazepine E, limazepine F"
BGC0001653,"linfuranone B, linfuranone C"
BGC0001654,lipooligosaccharide
BGC0001655,LP2006
BGC0001656,luminaolide
BGC0001657,lysocin
BGC0001658,macrotermycins
BGC0001659,mangicol A
BGC0001660,mathermycin
BGC0001661,mayamycin
BGC0001662,mediomycin A
BGC0001663,"merocyclophane C, merocyclophane D"
BGC0001664,merosterol
BGC0001665,"methylated acyl-phloroglucinol, methylated alkyl-resorcinol"
BGC0001666,microansamycin
BGC0001667,"microcystin-FR, microcystin-LA, microcystin-LAba, microcystin-LL, microcystin-LM, microcystin-LR, microcystin-LV"
BGC0001668,microperfuranone
BGC0001669,microvionin
BGC0001670,monensin
BGC0001671,monobactam
BGC0001672,monobactam
BGC0001673,moomysin
BGC0001674,MS-271
BGC0001675,murayaquinone
BGC0001676,"mycemycin A, mycemycin B, mycemycin C, mycemycin D, mycemycin E"
BGC0001677,mycophenolic acid
BGC0001678,mycosporine-like amino acids (MAAs)
BGC0001679,N-Acetyltryptophan
BGC0001680,N-acyl alanine
BGC0001681,N-acyl glycine
BGC0001682,N-acyl lysine/ornithine
BGC0001683,N-acyl serinol
BGC0001684,N-acyloxyacyl glutamine
BGC0001685,N-acyloxyacyl lysine
BGC0001686,N-octanoyl-Met-Phe-H
BGC0001687,N-tetradecanoyl tyrosine
BGC0001688,N-tetradecanoyl tyrosine
BGC0001689,naphthgeranine A
BGC0001690,natamycin
BGC0001691,nectrisine
BGC0001692,nematophin
BGC0001693,nenestatin
BGC0001694,"abyssomicin, neoabyssomicin"
BGC0001695,neoantimycin
BGC0001696,neothioviridamide
BGC0001697,neurosporin A
BGC0001698,"nevaltophin A, nevaltophin B, nevaltophin C, nevaltophin D"
BGC0001699,nidulanin A
BGC0001700,niphimycins C-E
BGC0001701,nisin O
BGC0001702,nocamycin
BGC0001703,nocuolin A
BGC0001704,nocuolin A
BGC0001705,nodularin
BGC0001706,nodulisporic acid F
BGC0001707,nosiheptide
BGC0001708,novofumigatonin
BGC0001709,nystatin
BGC0001710,obafluorin
BGC0001711,occidiofungin A
BGC0001712,ochrindole A
BGC0001713,ochrobactin
BGC0001714,octacosamicin
BGC0001715,octapeptin C4
BGC0001716,"odilorhabdin NOSO-95A, odilorhabdin NOSO-95B, odilorhabdin NOSO-95C"
BGC0001717,okaramine B
BGC0001718,okaramine D
BGC0001719,"olimycin A, olimycin B"
BGC0001720,oosporein
BGC0001721,ornibactin
BGC0001722,aspernidine A
BGC0001723,oviedomycin
BGC0001724,oxaleimide C
BGC0001725,oxetanocin A
BGC0001726,pactamides
BGC0001727,paenilan
BGC0001728,paenilipoheptin
BGC0001729,paraherquonin
BGC0001730,"paramagnetoquinone 1, paramagnetoquinone 2"
BGC0001731,paulomycin
BGC0001732,paulomycin
BGC0001733,PcpA
BGC0001734,penilumamide
BGC0001735,"pentostatine, vidarabine"
BGC0001736,"pepteridine A, pepteridine B"
BGC0001737,phenalamide
BGC0001738,phomasetin
BGC0001739,phosphonoacetic Acid
BGC0001740,phthoxazolin
BGC0001741,"phyllostictine A, phyllostictine B"
BGC0001742,piericidin A1
BGC0001743,plantaricyclin
BGC0001745,"PlpA1, PlpA2, PlpA3"
BGC0001746,pristinol
BGC0001747,pseudaminic acid
BGC0001748,"pseudospumigin A, pseudospumigin B, pseudospumigin C, pseudospumigin D, pseudospumigin E, pseudospumigin F"
BGC0001749,epipyriculol
BGC0001750,pyrronazol B
BGC0001751,"pyxipyrrolone A, pyxipyrrolone B"
BGC0001752,qinichelins
BGC0001753,"globimycin, radamycin"
BGC0001754,ralsolamycin
BGC0001755,reedsmycins
BGC0001756,"arathanatriene, retigeranin"
BGC0001757,rhabduscin
BGC0001758,"rhizomide A, rhizomide B, rhizomide C"
BGC0001759,"rifamorpholine A, rifamorpholine B, rifamorpholine C, rifamorpholine D, rifamorpholine E"
BGC0001760,rimosamide
BGC0001761,"ripostatin A, ripostatin B, ripostatin C"
BGC0001762,"rubrolone A, rubrolone B"
BGC0001763,rufomycin
BGC0001764,s56-p1
BGC0001765,salecan
BGC0001766,salinamide A
BGC0001767,salinichelins
BGC0001768,sansalvamide
BGC0001769,saquayamycin A
BGC0001770,sceliphrolactam
BGC0001771,scleric acid
BGC0001772,scytophycin
BGC0001773,selvamicin
BGC0001774,spicamycin
BGC0001775,sespendole
BGC0001776,shearinine D
BGC0001777,shearinine D
BGC0001778,showdomycin
BGC0001779,siamycin
BGC0001780,siphonazole
BGC0001781,sphaericin
BGC0001782,"indimicin A, indimicin B, indimicin C, indimicin D, indimicin E, lynamicin A, lynamicin D, lynamicin F, lynamicin G, spiroindimicin A, spiroindimicin B, spiroindimicin C, spiroindimicin D"
BGC0001783,streptonigrin
BGC0001784,streptoseomycin
BGC0001785,streptovaricin
BGC0001786,subterisin
BGC0001787,suicin 3908
BGC0001788,suicin 65
BGC0001789,suicin 90-1330
BGC0001790,sulfazecin
BGC0001791,sunshinamide
BGC0001792,"surugamide A, surugamide D"
BGC0001793,swainsonine
BGC0001794,swainsonine
BGC0001795,swinholide A
BGC0001796,tauramamide
BGC0001797,telomestatin
BGC0001798,"tetrapetalone A, tetrapetalone B, tetrapetalone C, tetrapetalone D"
BGC0001799,thebaine
BGC0001800,theonellamide
BGC0001801,"2-hydroxyphenylthiazoline enantiopyochelin, isopyochelin, thiazostatin, watasemycin A, watasemycin B"
BGC0001802,"thioholgamide A, thioholgamide B"
BGC0001803,thioviridamide
BGC0001804,tiancimycin
BGC0001805,tilivalline
BGC0001806,tolaasin A
BGC0001807,"totopotensamide A, totopotensamide B"
BGC0001808,toyocamycin
BGC0001809,trans-aconitic acid
BGC0001810,trehangelin
BGC0001811,trichodiene-11-one
BGC0001812,tylactone
BGC0001813,tyrobetaine
BGC0001814,ulleungmycin
BGC0001815,uncialamycin
BGC0001816,valactamide A
BGC0001817,vancosamine
BGC0001818,vazabitide A
BGC0001819,venemycin
BGC0001820,verticillin
BGC0001821,verticillins
BGC0001822,"vioprolide A, vioprolide B, vioprolide C, vioprolide D"
BGC0001823,weishanmycin
BGC0001824,xefoampeptides A-G
BGC0001825,xenematide
BGC0001826,xeneprotides A-C
BGC0001827,xenovulene A
BGC0001828,griseochelin
BGC0001829,"α,β-epoxyketone"
BGC0001830,"pacificanone A, rosamicin, salinipyrone A"
BGC0001831,"alkylpyrone-393, alkylpyrone-407"
BGC0001832,dimethylsulfoniopropionate
BGC0001833,"icosalide A, icosalide B"
BGC0001834,argyrin
BGC0001835,gynuellalide
BGC0001836,"tartrolon D, tartrolon F, tartrolon G"
BGC0001837,leptolyngbyalide
BGC0001838,WLIP
BGC0001839,squalestatin S1
BGC0001840,detoxin S1
BGC0001841,"detoxin P1, detoxin P2, detoxin P3"
BGC0001842,gacamide A
BGC0001843,tridecaptin M
BGC0001844,holrhizin
BGC0001845,alpiniamide
BGC0001846,"montanastatin, valinomycin"
BGC0001847,1-carbapen-2-em-3-carboxylic acid
BGC0001848,"diazaquinomycin H, diazaquinomycin J"
BGC0001849,"thiovarsolin A, thiovarsolin B, thiovarsolin C, thiovarsolin D"
BGC0001850,"diazaquinomycin A, diazaquinomycin E, diazaquinomycin F, diazaquinomycin G"
BGC0001851,komodoquinone B
BGC0001852,komodoquinone B
BGC0001853,"largimiycin 38, largimycin 39"
BGC0001854,tricholignan A
BGC0001855,"cuniculene 6A, cuniculene 6B"
BGC0001856,"caniferolide A, caniferolide B, caniferolide C, caniferolide D"
BGC0001857,burnettramic acid A
BGC0001858,"alternapyrone B, alternapyrone C, alternapyrone D, alternapyrone E, alternapyrone F"
BGC0001859,fosfomycin
BGC0001860,thiomuracin
BGC0001861,bacillicin BAG2O
BGC0001862,pallidocin
BGC0001863,bacillicn CER074
BGC0001864,listeriocytocin
BGC0001865,elsinochrome C
BGC0001866,viriditoxin
BGC0001867,prochlorosins
BGC0001868,iodinin
BGC0001869,"demethoxygriseoluteic acid, griseoluteic acid, phenaszenketide C, phenaszenketide D, phenaszentine A, phenaszentine C"
BGC0001870,"avaroferrin, putrebactin"
BGC0001871,L-2-amino-4-methoxy-trans-3-butenoic acid
BGC0001872,fabclavine-polyamine
BGC0001873,pyrrolizixenamide A
BGC0001874,cyclopiazonic acid
BGC0001875,nargenicin A1
BGC0001876,thalassospiramide A
BGC0001877,cyphomycin
BGC0001878,"detoxin N2, detoxin N3"
BGC0001879,type R and F tailocins
BGC0001880,scytodecamide
BGC0001881,pyrichalasin H
BGC0001882,"chrysoxanthone A, chrysoxanthone B, chrysoxanthone C"
BGC0001883,porphyra-334
BGC0001884,"aranazole A, aranazole B, aranazole C, aranazole D"
BGC0001885,oxazolepoxidomycin A
BGC0001886,secalonic acids
BGC0001887,huazacin
BGC0001888,"mannosylerythritol lipid A, mannosylerythritol lipid B, mannosylerythritol lipid C"
BGC0001889,fusilassin
BGC0001890,"amphi-enterobactin 1, amphi-enterobactin 2, amphi-enterobactin 3, amphi-enterobactin 4"
BGC0001891,closthioamide
BGC0001892,botcinic acid
BGC0001893,abscisic acid
BGC0001894,heteropolysaccharide (HePS)
BGC0001895,"huanglongmycin A, huanglongmycin B, huanglongmycin C"
BGC0001896,carbazomycin B
BGC0001897,cepacin A
BGC0001898,"thioplatencin, thioplatensimycin"
BGC0001899,abscisic acid
BGC0001900,fragin
BGC0001901,tricholignan A
BGC0001902,bengamide
BGC0001903,neocarazostatin A
BGC0001904,fluostatin
BGC0001905,violapyrone B
BGC0001906,naphthalene
BGC0001907,chromane
BGC0001908,sceliphrolactam
BGC0001909,strobilurin A
BGC0001910,cyslabdan
BGC0001911,raimonol
BGC0001912,"(2S,6R)-diamino-(5R,7)-dihydroxy-heptanoic acid"
BGC0001913,phomoidride
BGC0001914,"7-hydroxyl benzastatin B, 7-hydroxyl benzastatin D, 7-hydroxyl benzastatin F, 7-hydroxyl O-demethylbenzastatin A, 7-hydroxyl O-demethylbenzastatin D, benzastatin J, benzastatin K, JBIR-67, methylbenzastatin K, O-demethylvirantmycin, virantmycin"
BGC0001915,"betaestacin I, betaestacin II"
BGC0001916,lavendiol
BGC0001917,"5-alkyl-1,2,3,4-tetrahydroquinolines, streptoaminals"
BGC0001918,JBIR-06
BGC0001919,neoantimycin
BGC0001920,siamycin I
BGC0001921,MS-271
BGC0001922,isoindolinomycin
BGC0001923,ascochlorin
BGC0001924,ascofuranone
BGC0001925,"altemicidin, SB-203207, SB-203208"
BGC0001926,chrodrimanin B
BGC0001927,A-94964
BGC0001928,"(2R,3S,4S)-5-fluoro-2,3,4-trihydroxypentanoic acid"
BGC0001929,WGK
BGC0001930,pallidocin
BGC0001931,carrimycin
BGC0001932,mediomiycin A
BGC0001933,sphaerocyclamide
BGC0001934,armeniaspirols
BGC0001935,"3,7-dihydroxytropolone"
BGC0001936,nodulisporic acid F
BGC0001937,tubercidin
BGC0001938,entotheonella
BGC0001939,streptoseomycin
BGC0001940,"pyxidicycline A, pyxidicycline B"
BGC0001941,"fulvuthiacene A, fulvuthiacene B"
BGC0001942,malonomycin
BGC0001943,"vioprolides A, vioprolides B, vioprolides C, vioprolides D"
BGC0001944,funisamine
BGC0001945,chloromyxamide
BGC0001946,lagriamide
BGC0001947,K53 capsular polysaccharide
BGC0001948,"C3-aryl pyrroloindolines, naseseazine C"
BGC0001949,domoic acid
BGC0001950,"minutissamide A, puwainaphycin F"
BGC0001951,"minutissamide A, puwainaphycin F"
BGC0001952,"minutissamide A, minutissamide C, minutissamide D"
BGC0001953,"minutissamide A, minutissamide B, minutissamide C, minutissamide D, puwainaphycin F"
BGC0001954,"wortmanamide A, wortmanamide B"
BGC0001955,"keratinimicin A, keratinimicin B, keratinimicin C, keratinimicin D"
BGC0001956,"miharamycin A, miharamycin B"
BGC0001957,amipurimycin
BGC0001958,amipurimycin
BGC0001959,"taylorflavin A, taylorflavin B"
BGC0001960,hiroshidine
BGC0001961,ashimides
BGC0001962,"hierridin B, hierridin C"
BGC0001963,catenulisporolides
BGC0001964,"alkylpyrone-393, alkylpyrone-407"
BGC0001965,nybomycin
BGC0001966,BII-rafflesfungin
BGC0001967,acyldepsipeptide 1
BGC0001968,"cadaside A, cadaside B"
BGC0001969,asperterpenoid A
BGC0001970,malyngamide C acetate
BGC0001971,malyngamide I
BGC0001972,"fervenulin, toxoflavin"
BGC0001973,fervenulin
BGC0001974,kainic acid
BGC0001975,atratumycin
BGC0001976,eupenifeldin
BGC0001977,eupenifeldin
BGC0001978,burnettramic acid
BGC0001979,LL-D49194α1 (LLD)
BGC0001980,lokisin
BGC0001982,pyrichalasin H
BGC0001983,triacsin C
BGC0001984,"sarpeptin A, sarpeptin B"
BGC0001985,pyrazofurin
BGC0001986,purincyclamide
BGC0001987,"koreenceine A, koreenceine B, koreenceine C, koreenceine D"
BGC0001988,neosartorin
BGC0001989,pulcherrimin
BGC0001990,"BU-4704, fumiformamide, melanocin E, melanocin F, xanthocillin-X monomethylether"
BGC0001991,"toblerol A, toblerol B, toblerol C, toblerol D, toblerol E, toblerol F, toblerol G, toblerol H"
BGC0001992,thioguanine
BGC0001993,paenilipoheptin
BGC0001994,β-ethynylserine
BGC0001995,heptelidic acid
BGC0001996,"oryzine A, oryzine B"
BGC0001997,capsidiol
BGC0001998,"aspernidgulene A1, aspernidgulene A2, aspernidgulene B1"
BGC0001999,gramibactin
BGC0002000,setomimycin
BGC0002001,crochelin A
BGC0002002,"1,6-phenazinedimethanol, fontizine A"
BGC0002003,glidopeptin A
BGC0002004,methanobactin
BGC0002005,RaxX
BGC0002006,albusnodin
BGC0002007,"atolypene A, atolypene B"
BGC0002008,aryl polyenes
BGC0002009,"kanglemycin A, kanglemycin V1, kanglemycin V2"
BGC0002010,"streptophenazine B, streptophenazine C, streptophenazine F, streptophenazine G, streptophenazine H"
BGC0002011,ansacarbamitocin A
BGC0002012,"julichrome Q3-3, julichrome Q3-5"
BGC0002013,curacozole
BGC0002014,pepticinnamin E
BGC0002015,aborycin
BGC0002016,lugdunomycin
BGC0002017,potensibactin
BGC0002018,azomycin
BGC0002019,"tiancilactone A, tiancilactone B, tiancilactone C, tiancilactone D, tiancilactone E, tiancilactone F, tiancilactone G, tiancilactone H"
BGC0002020,photolose
BGC0002021,"fogacin, fogacin B, fogacin C"
BGC0002022,"armeniaspirol A, armeniaspirol B, armeniaspirol C"
BGC0002023,saalfelduracin
BGC0002024,nargenicin
BGC0002025,thaxteramide C
BGC0002026,"thaxteramide A1, thaxteramide A2, thaxteramide B1, thaxteramide B2"
BGC0002027,TglA-thiaGlu
BGC0002028,frigocyclinone
BGC0002029,"bagremycin A, bagremycin B, bagremycin C, bagremycin E, bagremycin F, bagremycin G, ferroverdin A, ferroverdin B, ferroverdin C"
BGC0002030,viriditoxin
BGC0002031,kitasetaline
BGC0002032,pentamycin
BGC0002033,spiramycin
BGC0002034,"perquinoline A, perquinoline B, perquinoline C"
BGC0002035,"8-epi-ilicicolin H, ilicicolin H, ilicicolin J"
BGC0002036,dehydrofosmidomycin
BGC0002037,"azetidomonamide A, azetidomonamide B"
BGC0002038,nigericin
BGC0002039,"coformycin, formycin A"
BGC0002040,"coformycin, formycin A"
BGC0002041,pyrazofurin A
BGC0002042,"anthelvencin A, anthelvencin B, anthelvencin C"
BGC0002043,"cittilin A, cittilin B"
BGC0002044,empedopeptin
BGC0002045,persiamycin A
BGC0002046,lobatamide A
BGC0002047,"brasiliquinone A, brasiliquinone B"
BGC0002048,"endopyrrole A, endopyrrole B"
BGC0002049,"microviridin N3, microviridin N4, microviridin N5, microviridin N6, microviridin N7, microviridin N8, microviridin N9"
BGC0002050,"necroxime A, necroxime B, necroxime C, necroxime D"
BGC0002051,antipain
BGC0002052,ectoine
BGC0002053,ulleungdin
BGC0002054,amipurimycin
BGC0002055,mycalamide A
BGC0002056,peloruside A
BGC0002057,pateamine
BGC0002058,mutanocyclin
BGC0002059,"spliceostatin L, spliceostatin M"
BGC0002060,secimide
BGC0002061,"nostopeptolide 1052, nostopeptolide A1"
BGC0002062,"agnestin A, agnestin B"
BGC0002063,"cryptosporioptide A, cryptosporioptide B, cryptosporioptide C"
BGC0002064,"felipeptin A1, felipeptin A2"
BGC0002065,strobilurin A
BGC0002066,harzianopyridone
BGC0002067,atpenin B
BGC0002068,labrenzin
BGC0002069,"styrolide A, styrolide B"
BGC0002070,"pentangumycin, SEK90"
BGC0002071,"virginiafactin A, virginiafactin B, virginiafactin C, virginiafactin D"
BGC0002072,"linearmycin A, linearmycin B, linearmycin C"
BGC0002073,dehydroxynocardamine
BGC0002074,huascopeptin
BGC0002075,"pyreudione A, pyreudione B, pyreudione C, pyreudione D, pyreudione E"
BGC0002076,"4,5-didehydroacaterin, acaterin"
BGC0002078,omnipeptin
BGC0002079,omnipeptin
BGC0002080,"stieleriacine A1, stieleriacine A2, stieleriacine B1, stieleriacine B2, stieleriacine C"
BGC0002081,"S2502, S2507, streptoketide A, streptoketide B, streptoketide C, UWM5"
BGC0002082,"sesbanimide C, sesbanimide E, sesbanimide F"
BGC0002083,"gladiofungin A, gladiofungin B"
BGC0002084,"biarylitide YFH, biarylitide YYH"
BGC0002085,"everninomicin D, everninomicin E, everninomicin F, everninomicin G"
BGC0002086,rosamicin
BGC0002087,gladiostatin A
BGC0002088,everninomicin A
BGC0002089,"thaxtomin A, thaxtomin B, thaxtomin C, thaxtomin D"
BGC0002090,"metacycloprodigiosin, undecylprodigiosin"
BGC0002091,holomycin
BGC0002092,"stechlisin B2, stechlisin C3, stechlisin D3, stechlisin E2, stechlisin F, tensin"
BGC0002093,ilicicolin H
BGC0002094,B-ethynylserine
BGC0002095,"leupeptin Ac, leupeptin Pr"
BGC0002096,tetrachlorizine
BGC0002097,kosinostatin
BGC0002098,ECO-0501
BGC0002099,biarylite-YFH
BGC0002100,colibrimycin
BGC0002101,"heronamide A, heronamide B, heronamide C"
BGC0002102,pladienolide B
BGC0002103,pulcherriminic acid
BGC0002104,"eurocidin D, eurocidin E"
BGC0002105,lucensomycin
BGC0002106,rimocidin
BGC0002107,"fabrubactin A, fabrubactin B"
BGC0002108,cinnapeptin
BGC0002109,"kitacinnamycin A, kitacinnamycin B, kitacinnamycin C, kitacinnamycin D, kitacinnamycin E, kitacinnamycin F"
BGC0002110,birimositide
BGC0002111,"andalusicin A, andalusicin B"
BGC0002113,beauvericin
BGC0002114,"sandarazol A, sandarazol B, sandarazol C, sandarazol D, sandarazol E, sandarazol F, sandarazol G"
BGC0002115,streptamidine
BGC0002116,darobactin A
BGC0002117,"potashchelin A, potashchelin B, potashchelin C, potashchelin D"
BGC0002118,"palmerolide A, palmerolide B, palmerolide C, palmerolide F, palmerolide G"
BGC0002119,"palmerolide D, palmerolide H"
BGC0002120,nocathioamide A
BGC0002122,gramicidin S
BGC0002123,"pseudovibriamide A1, pseudovibriamide A2, pseudovibriamide A3, pseudovibriamide A4, pseudovibriamide A5, pseudovibriamide A6, pseudovibriamide B1, pseudovibriamide B2, pseudovibriamide B3, pseudovibriamide B4, pseudovibriamide B5, pseudovibriamide B6"
BGC0002124,SF2487
BGC0002125,FR900359
BGC0002126,hypeptin
BGC0002127,"1,3,6,8-tetrahydroxynaphthalene, flaviolin"
BGC0002128,5-dimethylallylindole-3-acetonitrile
BGC0002129,"metathramycin, premetathramycin"
BGC0002130,cacaoidin
BGC0002131,aurantoside A
BGC0002132,group 1 methanobactin
BGC0002133,group 1 methanobactin
BGC0002134,"leupeptin A, leupeptin B, leupeptin C, leupeptin D"
BGC0002135,bovienimide A
BGC0002136,"janustatin A, janustatin A', janustatin B, janustatin C"
BGC0002137,"mutaxanthene A, mutaxanthene B, mutaxanthene C"
BGC0002138,"fuelimicin B, fuelimicin C, fuelimycin A"
BGC0002139,"burnettiene A, preburnettiene A, preburnettiene B"
BGC0002140,"galtamycin C, galtamycin D"
BGC0002141,trioxacarcin A
BGC0002142,"gargantulide B, gargantulide C"
BGC0002143,griseusin
BGC0002144,phazolicin
BGC0002146,FR901483
BGC0002147,"bohemamine A, bohemamine B, bohemamine C"
BGC0002148,guanitoxin
BGC0002149,"14-hydroxypaspalinine, 14-(leucyloxy)paspalinine, 14-(N,N-dimethylleucyloxy)paspalinine"
BGC0002150,triculamin
BGC0002151,alboverticillin
BGC0002152,toxoflavin
BGC0002153,lasonolide A
BGC0002154,"1,3,5,8-tetrahydroxynapthalene, 1-(alpha-l-(2-O-methyl)-6-deoxymannopyranosyloxy)-3,6,8-trimethoxynaphthalene"
BGC0002155,"nectriapyrone, nectriapyrone C, nectriapyrone D"
BGC0002156,"1,3,6,8-tetrahydroxynaphthalene"
BGC0002157,(-)-ditryptophenaline
BGC0002158,tenuazonic acid
BGC0002159,"lagopodin A, lagopodin B"
BGC0002160,"aspergillicin A, aspergillicin F, aspergillicin G"
BGC0002161,"scytalone, T3HN"
BGC0002162,"compound 5, compound 6, compound 7a, compound 8, sesterfisheric acid, sesterfisherol"
BGC0002163,"8-oxo-fusatin, 8-oxo-isopentenyladenine, fusatin, fusatinic acid"
BGC0002164,peramine
BGC0002165,"betaenone C, compound 3, compound 4, compound 5, compound 6, compound 7, compound 9, dehydroprobetaenone I, probetaenone I, stemphyloxin II"
BGC0002166,"intermediate 1, intermediate 2, peramine"
BGC0002167,"3-(p-hydroxyphenyl)-1,2-propanediol, actinopolymorphol C, C-3 sulfonylated derivative, morpholine containing hemiacetal piperazine compound, N,N-dioxide containing derivate, O-sulfonated actinopolymorphol C, piperazine compound 1, piperazine compound 2"
BGC0002168,"calbistrin A, calbistrin C, decumbenone a, decumbenone B, decumbenone c, dioic acid moiety"
BGC0002169,acurin A
BGC0002170,"4-methyl-5-dimethyltetradecahexaene-β-ketolactone, 4-methyl-5-methylheptatriene-β-ketolactone"
BGC0002171,"campyrone B, pyrophen"
BGC0002172,"fusaoctaxin A, fusapentaxin, fusatrixin"
BGC0002173,"21-β-H-hopane-3beta, 22-diol, compound 3, fumihopaside A"
BGC0002174,ε-Poly-L-lysine
BGC0002175,YWA1
BGC0002176,"15-acetyldeoxynivalenol, culmorin, (+)-juniperol(longiborneol)"
BGC0002177,"ustilaginoidin A, ustilaginoidin D, ustilaginoidin E, ustilaginoidin F, ustilaginoidin G, ustilaginoidin M, ustilaginoidin N, ustilaginoidin O"
BGC0002178,"gramillin A, gramillin B"
BGC0002179,tentoxin
BGC0002180,"(2Z,4Z,6E)-octa-2,4,6-trienoic acid, (+)-asperlin"
BGC0002181,pleuromutilin
BGC0002182,viridin
BGC0002183,enterobactin
BGC0002184,"ophiobolin C, zizanin-A"
BGC0002185,gregatin A
BGC0002186,fusaristatin A
BGC0002187,"monocillin II, monocillin IV, monocillin V, monocillin VI, monocillin VII, monorden D, pochonin M"
BGC0002188,"W493 A, W493 B"
BGC0002189,fusaristatin A
BGC0002190,"2'3'-dihydrosorbicillin, 2'3'-dihydrosorbicillinol, bisorbicillinol, bisvertinolone (spelled bisvertinolon in paper), dihydrobisvertinolone, oxosorbicillinol, sorbicillin, sorbicillinol, tetrahydrobisvertinolone"
BGC0002191,"gibepyrone D, prolipyrone B"
BGC0002192,FR901512
BGC0002193,phenguignardic acid
BGC0002194,epipyrone A
BGC0002195,kojic acid
BGC0002196,clavatol
BGC0002197,terrestric acid
BGC0002198,"nanangelenin B, terreazepine"
BGC0002199,nanangelenin A
BGC0002200,"aurovertin A, aurovertin D, aurovertin E, aurovertin J, aurovertin M"
BGC0002201,victorin
BGC0002202,victorin
BGC0002203,"beauveriolide B, beauveriolide C, beauveriolide D"
BGC0002204,"aspergillin PZ, aspochalasin C, aspochalasin E, aspochalasin M, flavichalasine F, flavichalasine G, TMC-169"
BGC0002205,"phomacin D, phomacin E"
BGC0002206,"compound 1, compound 4, harziphilone, isoharziphilone-1, isoharziphilone-2, t22azaphilone"
BGC0002207,psilocybin
BGC0002208,oxepinamide F
BGC0002209,ustethylin A
BGC0002210,pyranoviolin A
BGC0002211,HEx-pks1 polyketide
BGC0002212,HEx-pks15 polyketide
BGC0002213,HEx-pks16 polyketide
BGC0002214,HEx-pks17 polyketide
BGC0002215,HEx-pks23 polyketide
BGC0002216,HEx-tc1 terpene
BGC0002217,HEx-tc3 terpene
BGC0002218,"(-)-Cyatha-3,12-diene"
BGC0002219,(-)-(R)-nephthenol
BGC0002220,Ent-kauren-16alpha-ol
BGC0002221,ent-kauren-16alpha-ol
BGC0002222,zopfiellin
BGC0002223,scytalidin
BGC0002224,zopfiellin
BGC0002225,"aculene A, aculene B, aculene C, aculene D, asperaculane A, asperaculane B"
BGC0002226,"acu-dioxomorpholine A, acu-dioxomorpholine B"
BGC0002227,"AKML A, AKML B, AKML C, AKML D"
BGC0002228,"CIML A, CIML B, CIML C, CIML D"
BGC0002229,"6-MSA, aculin A"
BGC0002230,tolypyridone C
BGC0002231,fusaric acid
BGC0002232,ergotamine
BGC0002233,trichoxide
BGC0002234,flavoglaucin
BGC0002235,ACE1
BGC0002236,8-methyldiaporthin
BGC0002237,dichlorodiaporthin
BGC0002238,"2,4'-dihydroxy-3'-methoxypropiophenone"
BGC0002239,"GKK1032 A2, pyrrocidine A, pyrrocidine B"
BGC0002240,"BAA, BAB"
BGC0002241,ywa1
BGC0002242,oxepinamide D
BGC0002243,biruloquinone
BGC0002244,"1,2-dehydropenicillide, 1,2-epoxy-3,4-didehydropenicillide, 3-methoxy-1,2-dehydropenicillide, 3'-methoxy-1,2-dehydropenicillide, pestalotiollide B, pestalotiollide C"
BGC0002245,"preterpestacin 1, preterpestacin 2, preterpestacin 3, terpestacin"
BGC0002246,naematolin
BGC0002247,"chaetoconvosins A, chaetoconvosins B, chamiside A, naematolin"
BGC0002248,flavunoidine
BGC0002249,phaeospelide A
BGC0002250,"triticone A, triticone B, triticone C, triticone D, triticone E, triticone F"
BGC0002251,"astin A, astin B, astin C, astin D, astin F, astin G, astin H"
BGC0002252,"bovistol B, bovistol D, illudin c, illudin c3, prebovistol, strossmayerin, δ 6-protoilludene"
BGC0002253,"(+)-semivioxanthin, semivioxanthin, waikikiamide A, waikikiamide B, waikikiamide C"
BGC0002254,"notoamide A, notoamide F, (+)-semivioxanthin, waikikiamide A, waikikiamide B, waikikiamide C"
BGC0002255,lijiquinone
BGC0002256,"4-hydroxykynurenine, desacetylfusarochromene, fusarochromanone, fusarochromene"
BGC0002257,rufoschweinitzin
BGC0002258,"shimalactone A, shimalactone B"
BGC0002259,"beauveriolide I, beauveriolide III"
BGC0002260,"brasilane A, brasilane D, brasilane E, brasilane F, trichobrasilenol, xylarenic acid B"
BGC0002261,lucilactaene
BGC0002262,"deoxysporothric acid, dihydroisosporothric acid, dihydrosporothriolide, isosporothric acid, sporochartine B, sporothric acid, sporothriolide, trienylfuranol A"
BGC0002263,spiromarmycin
BGC0002264,"hancockiamide A, hancockiamide B, hancockiamide C, hancockiamide D, hancockiamide E, hancockiamide F"
BGC0002265,atranorin
BGC0002266,"calidoustene A, calidoustene B, calidoustene C"
BGC0002267,"azasperpyranone A, azasperpyranone B, azasperpyranone C, azasperpyranone D, azasperpyranone E, azasperpyranone F, azasperpyranone G, azasperpyranone H"
BGC0002268,"citridone A, citridone B, citridone B', CJ-15,696, CJ-16,173"
BGC0002269,MCA17-1
BGC0002270,swainsonine
BGC0002271,asterriquinone CT5
BGC0002272,"asterrelenin, epi-aszonalenin A"
BGC0002273,"butyrolactone I, butyrolactone III"
BGC0002274,"aspulvinone B1, aspulvinone H"
BGC0002275,"campyrone B, pyrophen"
BGC0002276,choline
BGC0002277,atromentin
BGC0002278,"2,2-dibenzylpiperazine, brasiliamide A, brasiliamide B, brasiliamide D, brasiliamide I"
BGC0002279,δ-6 protoilludene
BGC0002280,δ-6 protoilludene
BGC0002281,sambutoxin
BGC0002282,formycin A
BGC0002283,sodorifen
BGC0002284,"corynecin I, corynecin II, corynecin III"
BGC0002285,aborycin
BGC0002286,"ririwpeptide A, ririwpeptide B, ririwpeptide C"
BGC0002287,"leuvalin, mutanocyclin, tyrvalin"
BGC0002288,"ashimide A, ashimide B, ashimides A, B"
BGC0002289,LP2
BGC0002290,"4-hydroxy-3-prenylbenzoic acid, biscognienyne B, compound 11, compound 12, compound 15, compound 3, compound 6, compound 7, compound 8, eutypinic acid, pestalodiol E, prenylhydroquinone"
BGC0002291,"efomycin K, efomycin L"
BGC0002292,pyrazofurin
BGC0002293,"ohmyungsamycin A, ohmyungsamycin B"
BGC0002294,streptozotocin
BGC0002295,minimycin
BGC0002296,"vatiamide A, vatiamide B, vatiamide C, vatiamide D, vatiamide E, vatiamide F"
BGC0002297,"MC-HphHph, MC-HphHty, MC-LHph, MC-LHty, MC-LR"
BGC0002298,lassomycin-like peptide
BGC0002299,β-ethynylserine
BGC0002300,albomycin delta2
BGC0002301,(P)-ustilaginoidin A
BGC0002302,glucorhamnan
BGC0002303,pristinin A3
BGC0002304,varicidin A
BGC0002305,"desferrioxamine B, legonoxamine A, legonoxamine B"
BGC0002306,freyrasin
BGC0002307,humidimycin
BGC0002308,"camporidine A, camporidine B"
BGC0002309,cattleyene
BGC0002310,birimositide
BGC0002311,cutimycin
BGC0002312,ubonodin
BGC0002313,streptozotocin
BGC0002314,corbomycin
BGC0002315,accramycin A
BGC0002316,cebulantin
BGC0002317,"herbicolin O, mcceh252, pantocin A"
BGC0002318,"canucin A, canucin B"
BGC0002319,"salinipeptin A, salinipeptin B, salinipeptin C, salinipeptin D"
BGC0002320,conidiogenone
BGC0002321,"compound 3, cyclodileucine, pulcherrimin, pulcherriminic acid"
BGC0002322,citrocin
BGC0002323,nisin J
BGC0002324,"myxochelin A, myxochelin B, myxochelin N, myxochelin O, myxochelin P, myxochelin Q"
BGC0002325,mycetohabin-16
BGC0002326,"endopyrrole A, endopyrrole B, endopyrrole C"
BGC0002327,"bolagladin A, bolagladin B"
BGC0002328,Rc-AIP1
BGC0002329,trinickiabactin
BGC0002330,landornamide A
BGC0002331,"labradorin 1, labradorin 2, pimprinine"
BGC0002332,tetraketide resorcinols
BGC0002333,lucensomycin
BGC0002334,"heptyltyrazolone, nonyltyrazolone, undecyltyrazolone, (Z)-6-undecenyltyrazolone, (Z)-heptylphenazolone"
BGC0002335,"bolagladin A, bolagladin B"
BGC0002336,"gladiochelin A1, gladiochelin B2"
BGC0002337,"class IV lanthipeptide, SflA"
BGC0002338,sorangipyranone
BGC0002339,2-hydroxysorangiadenosine
BGC0002340,"pyrroloformamide A, pyrroloformamide B, pyrroloformamide C, pyrroloformamide D"
BGC0002341,"3,5-dibromo-p-anisic acid"
BGC0002342,"myxofacycline A, myxofacycline B, myxofacycline C, myxofacycline D, myxofacycline E, myxofacycline F, myxofacycline G"
BGC0002343,"ammosamaic acid cogener, ammosester A, ammosester B, ammosester C"
BGC0002344,"A50926 A, A50926 B"
BGC0002345,hydrogen cyanide
BGC0002346,kyamicin
BGC0002347,"cyanogramide, cyanogramide B, cyanogramide C, cyanogramide D"
BGC0002348,aspulvinone E
BGC0002349,"epemicin A, epemicin B"
BGC0002350,"bleomycin A2, bleomycin B2"
BGC0002351,thanafactin A
BGC0002352,"terpenibactin A, terpenibactin B, terpenibactin C"
BGC0002353,"sch40832, Sch 40832"
BGC0002354,huimycin
BGC0002355,tetrafibricin
BGC0002356,mediomycin A
BGC0002357,neomediomycin B
BGC0002358,cyclofaulknamycin
BGC0002359,dudomycin A
BGC0002360,"depsibosamycin B, depsibosamycin C, depsibosamycin D"
BGC0002361,"baikalomycin A, baikalomycin B, baikalomycin C"
BGC0002362,"loseolamycin A1, loseolamycin A2"
BGC0002363,"berninamycin A, berninamycin B, berninamycin J, berninamycin K"
BGC0002364,trichostatin RK
BGC0002365,"10-epi-3-deOH-HSAF, 10-epi-FI-2, 10-epi-HSAF, 10-epi-hydroxymaltophilin, 10-epi-maltophilin, 10-epi-xanthobaccin C"
BGC0002366,"enterocin, neoenterocin A, neoenterocin B"
BGC0002367,rotihibin A
BGC0002368,"21R-citrinadin A, aetokthonotoxin"
BGC0002369,"actinospirol A, actinospirol B, maduralactomycin A, maduralactomycin B"
BGC0002370,"zelkovamycin B, zelkovamycin C, zelkovamycin D, zelkovamycin E"
BGC0002371,"pseudovibriamide A1, pseudovibriamide A2, pseudovibriamide A3, pseudovibriamide A4, pseudovibriamide A5, pseudovibriamide A6, pseudovibriamide B1, pseudovibriamide B2, pseudovibriamide B3, pseudovibriamide B4"
BGC0002372,"marinoterpin A, marinoterpin B, marinoterpin C"
BGC0002373,"bonnevillamide D, bonnevillamide E"
BGC0002374,"pulvomycin B, pulvomycin C, pulvomycin D"
BGC0002375,"cladosporiumin I, cladosporiumin J"
BGC0002376,"bombyxamycin A, bombyxamycin B"
BGC0002377,"WS9326A, WS9326B, WS9326F, WS9326G"
BGC0002378,"coprisamide C, coprisamide D"
BGC0002379,MA026
BGC0002380,microviridin 1777
BGC0002381,tambjamine BE-18591
BGC0002382,grimoviridin
BGC0002383,"kinanthraquinone, kinanthraquinone B"
BGC0002384,lysocin E
BGC0002385,"dumulmycin, shuangdaolide A, shuangdaolide B, shuangdaolide C, shuangdaolide D"
BGC0002386,"cyclo(n-Me-L-Leu-L-Ile), cyclo(n-Me-L-Leu-L-Leu), cyclo(n-Me-L-Leu-L-Val)"
BGC0002387,yangpumicin A
BGC0002388,"oryzalides, phytocassanes"
BGC0002389,"β-bisabolene, β-macrocarpene"
BGC0002390,zealexin A1
BGC0002391,"zealexin B2, zealexin C2"
BGC0002392,"5,10-diketo-casbene"
BGC0002393,"5a-hydroxy-casbene, 5-keto-7,8-epoxy-casbene, 5-keto-casbene, 5-keto-neocembrene, casbene, neocembrene"
BGC0002394,"taxa-4(20),11(12)-diene, taxa-4(5),11(12)-diene"
BGC0002395,"11-hydroxy-hordetriene, hordediene, hordetriene"
BGC0002396,tanshinones
BGC0002397,astallatene
BGC0002398,ent-quiannuatene
BGC0002399,caprutriene
BGC0002400,boleracene
BGC0002401,euphol
BGC0002402,yossosides
BGC0002403,β-Diketones
BGC0002404,falcarindiol
BGC0002405,mid-chain acyl sugars
BGC0002406,hydroxycinnamoyltyramine
BGC0002407,"angustmycin A, angustmycin C"
BGC0002408,malleobactin X
BGC0002409,"frankobactin A1, frankobactin A2, frankobactin A3, frankobactin B1, frankobactin B2, frankobactin B3, frankobactin C1"
BGC0002410,"frankobactin A1, frankobactin A2, frankobactin A3, frankobactin B1, frankobactin B2, frankobactin B3, frankobactin C1"
BGC0002411,cyanochelin A
BGC0002412,holomycin
BGC0002413,frederiksenibactin
BGC0002414,"chrysobactin, cyclic trichrysobactin, dichrysobactin, trichrysobactin"
BGC0002415,"divanchrobactin, trivanchrobactin, vanchrobactin"
BGC0002416,"variobactin A, variobactin B"
BGC0002417,"variochelin A, variochelin B"
BGC0002418,pacifibactin
BGC0002419,"acidobactin A, acidobactin B"
BGC0002420,"vacidobactin A, vacidobactin B"
BGC0002421,malleobactin LB400
BGC0002422,histicorrugatin
BGC0002423,arsinothricin
BGC0002424,"saccharochelin A, saccharochelin B, saccharochelin C, saccharochelin D, saccharochelin E, saccharochelin F, saccharochelin G, saccharochelin H"
BGC0002425,stlassin
BGC0002426,"deschlorosvetamycin A, svetamycin A, svetamycin H"
BGC0002427,"subglutinol A, subglutinol B"
BGC0002428,"DDP-13, DDP-14"
BGC0002429,higginsianin B
BGC0002430,"gausemycin A, gausemycin B"
BGC0002431,maduramicin
BGC0002432,laterocidine
BGC0002433,azotobactin D
BGC0002434,"clifednamide D, clifednamide E, clifednamide F, clifednamide G, clifednamide H, clifednamide I, clifednamide J"
BGC0002435,"aristeromycin, coformycin"
BGC0002436,coformycin
BGC0002437,thermoactinoamide A
BGC0002438,sporidesmin A
BGC0002439,"diastaphenazine, izumiphenazine C"
BGC0002440,"longicatenamide A, longicatenamide B, longicatenamide C, longicatenamide D"
BGC0002441,"o-dialkylbenzene 1, o-dialkylbenzene 2"
BGC0002442,toyoncin
BGC0002443,"mycemycin A, mycemycin B, mycemycin C"
BGC0002444,epoxy-Janthitrems
BGC0002445,"8α-hydroxy-6-protoilludene, armillyl orsellinate"
BGC0002446,ionostatin
BGC0002447,cerecyclin
BGC0002448,Q6402A
BGC0002449,sarasinoside
BGC0002450,sarasinoside
BGC0002451,inthomycin B
BGC0002452,leucomycin
BGC0002453,"ansaseomycin A, ansaseomycin B"
BGC0002454,"venturicidin A, venturicidin D, venturicidin E, venturicidin F"
BGC0002455,lagriene
BGC0002456,"alchivemycin A, alchivemycin B"
BGC0002457,alazopeptin
BGC0002458,alazopeptin
BGC0002459,preterpestacin I
BGC0002460,"loonamycin A, loonamycin B, loonamycin C"
BGC0002461,aureonuclemycin
BGC0002462,coformycin
BGC0002463,staphyloferrin B
BGC0002464,alcaligin
BGC0002465,"amphibactin E, amphibactin H, amphibactin I"
BGC0002466,peucechelin
BGC0002467,thermochelin
BGC0002468,anguibactin
BGC0002469,"woodybactin A, woodybactin B, woodybactin C, woodybactin D"
BGC0002470,"synechobactin 13, synechobactin 14, synechobactin 16, synechobactin A, synechobactin B, synechobactin C, synechobactin C11, synechobactin C9"
BGC0002471,"baumannoferrin A, baumannoferrin B"
BGC0002472,"ulbactin F, ulbactin G"
BGC0002473,"butanochelin, pentanochelin, propanochelin"
BGC0002474,agrobactin
BGC0002475,enantio-pyochelin
BGC0002476,enterobactin
BGC0002477,"thioangucycline A, thioangucycline B"
BGC0002478,"ochromycinone, rubiginone A2, rubiginone B2, rubiginone J, rubiginone K, rubiginone L, rubiginone M, rubiginone N"
BGC0002479,"miharamycin A, miharamycin B"
BGC0002480,"chlorosphaerolactylate A, chlorosphaerolactylate B, chlorosphaerolactylate C, chlorosphaerolactylate D"
BGC0002481,scytodecamide
BGC0002482,"tjipanazole D, tjipanazole I, tjipanazole K, tjipanazole L, tjipanazole M"
BGC0002483,usnic acid
BGC0002484,"scytocyclamide A, scytocyclamide A2, scytocyclamide B, scytocyclamide B2, scytocyclamide B3, scytocyclamide C"
BGC0002485,"muscoride A, muscoride B"
BGC0002486,tolypamide
BGC0002487,staphylopine
BGC0002488,bacillopaline
BGC0002489,pseudopaline
BGC0002490,yersinopine
BGC0002491,"myxochelin A, myxochelin B, pseudochelin A"
BGC0002492,"myxochelin A, myxochelin B"
BGC0002493,parabactin
BGC0002494,vibriobactin
BGC0002495,photobactin
BGC0002496,"serratiochelin A, serratiochelin B, serratiochelin C"
BGC0002497,hexacosalactone A
BGC0002498,"clethramycin, desulfoclethramycin"
BGC0002499,enteromycin
BGC0002500,NFAT-133
BGC0002501,"adametizine A, FA2097, outovirin A, outovirin C, penigainamide A, penigainamide B, penigainamide C, pretrichodermamide C"
BGC0002502,"fumonisin B1, fumonisin B2, fumonisin B3"
BGC0002503,"chitinimide A, chitinimide B, chitinimide C, chitinimide D, chitinimide E, chitinimide F, chitinimide G"
BGC0002504,"nocardiopsistin A, nocardiopsistin B, nocardiopsistin C"
BGC0002505,xenoacremone A
BGC0002506,"homopiloquinone, piloquinone"
BGC0002507,sporandol
BGC0002508,8-azaguanine
BGC0002509,"capsimycin, clifednamide A, combamide A, frontalamide A, montamide A"
BGC0002510,"youssoufene A1, youssoufene B1, youssoufene B2, youssoufene B3, youssoufene B4"
BGC0002511,biruloquinone
BGC0002512,"anabaenopeptin 788, anabaenopeptin 802, anabaenopeptin 816"
BGC0002513,"6-methylcristazarin, cristazarin"
BGC0002514,julichrome Q6.6
BGC0002515,solanapyrone A
BGC0002516,"prephenalenone, red perithecial pigment"
BGC0002517,"niizalactam C, tripartilactam"
BGC0002518,"syringafactin A, syringafactin C"
BGC0002519,"20-epoxy-18-oxotryprostatin A, 20-hydroxy-18-oxotryprostatin A"
BGC0002520,quinolidomicin A
BGC0002521,"putisolvin III, putisolvin V, putisolvin VI"
BGC0002522,"pseudodesmin A, viscosinamide A"
BGC0002523,"desertomycin A, desertomycin B, desertomycin G"
BGC0002524,bacicyclicin XIN-1
BGC0002525,"1233A, 1233B, fusarubin, lucilactaene, NG-391"
BGC0002526,K-41A
BGC0002527,vibrioferrin
BGC0002528,"aminochelin, azotochelin, protochelin"
BGC0002529,"aminochelin, azotochelin, protochelin"
BGC0002530,brucebactin
BGC0002531,cepaciachelin
BGC0002532,anachelin
BGC0002533,piscibactin
BGC0002534,"cahuitamycin A, cahuitamycin B, cahuitamycin C"
BGC0002535,"γ-poly-L-2,4-diaminobutyric acid"
BGC0002536,alazopeptin
BGC0002537,emeridone F
BGC0002538,"chaetolivacine A, chaetolivacine B, chaetolivacine C"
BGC0002539,"chaetoglobosin A, chaetoglobosin K, chaetoglobosin P"
BGC0002540,tetramycin B
BGC0002541,notonesomycin A
BGC0002542,apratoxin A
BGC0002543,acrophiarin
BGC0002544,"amychelin A, amychelin B"
BGC0002545,"sungeidine A, sungeidine B, sungeidine C, sungeidine D, sungeidine E, sungeidine F, sungeidine G, sungeidine H"
BGC0002546,cytoglobosin X
BGC0002547,"youssoufene A1, youssoufene B1, youssoufene B2, youssoufene B3, youssoufene B4"
BGC0002548,"bananamide D, bananamide E, bananamide F, bananamide G"
BGC0002549,salazinic acid
BGC0002550,lobophorin CR4
BGC0002551,"muscoride A, muscoride B"
BGC0002552,ansacarbamitocin
BGC0002553,tunicamycin
BGC0002554,"carquinostatin A, carquinostatin B"
BGC0002555,"emerimicin IX, emerimicin V, emerimicin VI, emerimicin VII, emerimicin VIII, emerimicin X"
BGC0002556,"cervinomycin B3, cervinomycin C1, cervinomycin C2, cervinomycin C3, cervinomycin C4"
BGC0002557,penifulvin A
BGC0002558,"scopranone A, scopranone B, scopranone C"
BGC0002559,J1-001-2
BGC0002560,thiostreptamide S4
BGC0002561,"phenazine SA, phenazine SB, phenazine SC"
BGC0002562,"IBR-1, IBR-2, IBR-3, IBR-4, tetrahydroxynaphthalene"
BGC0002563,gramibactin B
BGC0002564,"megapolibactin A, megapolibactin Acyc, megapolibactin B, megapolibactin Bcyc, megapolibactin C, megapolibactin D, megapolibactin E, megapolibactin F"
BGC0002565,plantaribactin
BGC0002566,"[S,S]-EDDS"
BGC0002567,EDHA
BGC0002568,EDHA
BGC0002569,"ornibactin C4, ornibactin C6, ornibactin C8"
BGC0002570,yersiniabactin
BGC0002571,pyoverdine DC3000
BGC0002572,"heinamide A1, heinamide A2, heinamide A3, heinamide B1, heinamide B2, heinamide B3, heinamide B4, heinamide B5"
BGC0002573,phosphoramidon
BGC0002574,"5-epi-jinkoheremol, debneyol"
BGC0002575,cochonodin I
BGC0002576,mechercharmycin
BGC0002577,lactococcin G
BGC0002578,"gaburedin A, gaburedin B, gaburedin C, gaburedin D, gaburedin E, gaburedin F"
BGC0002579,carnobacteriocin XY
BGC0002580,lactococcin MN
BGC0002581,"bosamycin A, bosamycin B, bosamycin C, bosamycin D, bosamycin E, bosamycin F"
BGC0002582,"guanipiperazine A, guanipiperazine B"
BGC0002583,tryglysin B
BGC0002584,"azolemycin A, azolemycin B, azolemycin C, azolemycin D"
BGC0002585,ubericin K
BGC0002586,ASM1
BGC0002587,ossamycin
BGC0002588,enduracididine
BGC0002589,"argyrin A, argyrin B, argyrin C, argyrin D, argyrin E, argyrin F, argyrin G, argyrin H"
BGC0002590,"colibromycin A, colibromycin B, colibromycin C"
BGC0002591,"aurachin C, aurachin D, aurachin SS"
BGC0002592,geodin
BGC0002593,"lecanoric acid, orsellinic acid"
BGC0002594,"orcinol, orsellinic acid"
BGC0002595,orsellinic acid
BGC0002596,"lecanoric acid, orsellinic acid"
BGC0002597,nocuolactylates
BGC0002598,ochratoxin A
BGC0002599,fumigaclavine
BGC0002600,helvolic acid
BGC0002601,fumagillin
BGC0002602,aspergillic acid
BGC0002603,chevalone E
BGC0002604,sartorypyrone A
BGC0002605,ochratoxin A
BGC0002606,ochratoxin A
BGC0002607,ochratoxin A
BGC0002608,ochratoxin A
BGC0002609,ochratoxin A
BGC0002610,stellatic acid
BGC0002611,mulundocandin
BGC0002612,anditomin
BGC0002613,piscibactin
BGC0002614,"colletotrichin, metarhizin A, sesquicillin A, subglutinol A"
BGC0002615,"4-oxomacrophorin A, 5'-epimacrophorin B, macrophorin A"
BGC0002616,mycophenolic acid
BGC0002617,"psychrophilin A, psychrophilin B, psychrophilin C, psychrophilin D, psychrophilin E, psychrophilin F, psychrophilin G, psychrophilin H, psychrophilin I"
BGC0002618,penitremane
BGC0002619,mycophenolic acid
BGC0002620,"fulvivirgamide A2, fulvivirgamide B2, fulvivirgamide B3, fulvivirgamide B4"
BGC0002621,"angustmycin A, angustmycin B, angustmycin C, arabinofuranosyladenine, aristeromycin"
BGC0002622,hydroxycinnamoylputrescine
BGC0002623,microginin
BGC0002624,"fischerazole A, fischerazole B, fischerazole C"
BGC0002625,"desmamide A, desmamide B, desmamide C"
BGC0002626,"microviridin 1688, microviridin 1739, microviridin 1748"
BGC0002627,kamptornamide
BGC0002628,"aquimarin A, aquimarin B, aquimarin C, aquimarin D, aquimarin E, aquimarin F, aquimarin G, aquimarin H"
BGC0002629,limnothamide
BGC0002630,thatisin
BGC0002631,myxarylin
BGC0002632,"varlaxin 1022A, varlaxin 1046A"
BGC0002633,schizokinen
BGC0002634,vicenistatin
BGC0002635,"daspyromycin A, daspyromycin B"
BGC0002636,"streptophenazine 1, streptophenazine 2"
BGC0002637,"rimomycin A, rimomycin B, rimomycin C"
BGC0002638,"misaugamycin A, misaugamycin B"
BGC0002639,"acyl-tyrocitabine-668, acyl-tyrocitabine-696, acyl-tyrocitabine-724, acyl-tyrocitabine-752, phospho-tyrolose, tyrocitabine-626, tyrolitol, tyrolose"
BGC0002640,"thalassomonasin A, thalassomonasin B"
BGC0002641,"bacillothiazol A, bacillothiazol B, bacillothiazol C, bacillothiazol D, bacillothiazol E, bacillothiazol F, bacillothiazol G, bacillothiazol H, bacillothiazol I, bacillothiazol J, bacillothiazol K, bacillothiazol L, bacillothiazol M, bacillothiazol N"
BGC0002642,clipibycyclene
BGC0002643,aetokthonotoxin
BGC0002644,"7'-carboxy-L-NGG, domoic acid, isodomoic acid A, isodomoic acid B, isodomoic acid C, kainic acid, prekainic acid"
BGC0002645,fluopsin C
BGC0002646,hancockinone A
BGC0002647,massinidine
BGC0002648,eicosapentaenoic acid
BGC0002649,nocamycin V
BGC0002650,aurodox
BGC0002651,sordaricin B
BGC0002652,"12F-plicacetin, 40551-F, cytosaminomycin F, cytosaminomycin G, plicacetin, streptcytosine D, streptcytosine E, streptcytosine P"
BGC0002653,macolacin
BGC0002654,lapcin
BGC0002655,"halovir I, halovir J, halovir K"
BGC0002656,"chlororyzanthrone A, chlororyzanthrone B, oryzanaphthopyran A, oryzanaphthopyran B, oryzanaphthopyran C, oryzanthrone A, oryzanthrone B"
BGC0002657,deoxyhangtaimycin
BGC0002658,"M-deoxyakanthomycin, P-deoxyakanthomycin"
BGC0002659,TvgA-RiPP
BGC0002660,"pentacitidin A, pentacitidin B"
BGC0002661,"tasikamide A, tasikamide B, tasikamide C"
BGC0002662,"petrichorin A, petrichorin B"
BGC0002663,amyloliquecidin GF610
BGC0002664,xylaroamide A
BGC0002665,3-thiaglutamate
BGC0002666,legonindolizidine A6
BGC0002667,estericin A
BGC0002668,cesin A
BGC0002669,TVA-YJ-2
BGC0002670,fosfonochlorin
BGC0002671,kendomycin B
BGC0002672,"saccharothrixin D, saccharothrixin E, saccharothrixin F, saccharothrixin G, saccharothrixin H, saccharothrixin I, saccharothrixin J, saccharothrixin K, saccharothrixin L, saccharothrixin M"
BGC0002673,"iminimycin A, iminimycin B"
BGC0002674,enterocin F4-9
BGC0002675,di-pyrrolyl-dipyrromethene prodigiosin
BGC0002676,"skyllamycin D, skyllamycin E"
BGC0002677,"nostoclide N1, nostoclide N2"
BGC0002678,pyochelin
BGC0002679,chromobactin
BGC0002680,viobactin
BGC0002681,rhizobactin
BGC0002682,aerobactin
BGC0002683,schizokinen
BGC0002684,attinimicin
BGC0002685,enterobactin
BGC0002686,"(-)-Madurastatin C1, madurastatin D1, madurastatin D2"
BGC0002687,massiliachelin
BGC0002688,"benarthin, dibenarthin"
BGC0002689,"2,3-dihydroxybenzoylserine"
BGC0002690,FW0622
BGC0002691,"amphibactin B, amphibactin C, amphibactin D, amphibactin E, amphibactin H, amphibactin S, amphibactin T, amphibactin V"
BGC0002692,"desferrioxamine B, desferrioxamine D1, desoxy-desferrioxamine B, desoxy-desferrioxamine D1, didesoxy-desferrioxamine B, didesoxy-desferrioxamine D1, speibonoxamine"
BGC0002693,pyoverdine SMX-1
BGC0002694,roseobactin
BGC0002695,"bacillibactin, bacillibactin E, bacillibactin F"
BGC0002696,"heterobactin B, heterobactin S2"
BGC0002697,"azabicyclene B, azabicyclene C, azabicyclene D, clipibicyclene"
BGC0002698,phaeornamide
BGC0002699,"nostolysamide A, nostolysamide B"
BGC0002700,bacinapeptin
BGC0002701,paenithipeptin
BGC0002702,GP6738
BGC0002703,archalan α
BGC0002704,archalan β
BGC0002705,archalan γ
BGC0002706,saframycin Mx1
BGC0002707,(+)-δ-cadinol
BGC0002708,(+)-δ-cadinol
BGC0002709,aurofusarin
BGC0002710,"dimerumic acid, dimerumic acid 11-mannoside, metachelin A, metachelin A-CE, metachelin B, metachelin C"
BGC0002711,"9-dehydronostovalerolactone, nostovalerolactone"
BGC0002712,"SEK 43, WS-5995 B, WS-5995 C, WS-5995 D"
BGC0002713,"mevalagmapeptide A, mevalagmapeptide B, mevalagmapeptide C, mevalagmapeptide D"
BGC0002714,"cepafungin, glidobactin A, luminmycin A"
BGC0002715,"HTTPCA, piscibactin, prepiscibactin"
BGC0002716,"gamexpeptide A, gamexpeptide B, gamexpeptide E, luminmide B, luminmide D, luminmide E, luminmide F, luminmide G"
BGC0002717,guanitoxin
BGC0002718,"madurastatin A1, madurastatin A2, madurastatin E1, madurastatin F, madurastatin G1"
BGC0002719,thanafactin A
BGC0002720,"sorbicillin, sorbicillinol"
BGC0002721,"α-hydroxynitrile glucoside, β-hydroxynitrile glucoside, γ-hydroxynitrile glucoside"
BGC0002722,"α-chaconine, α-solanine"
BGC0002723,casbene
BGC0002724,casbene
BGC0002725,prunipeptin
BGC0002726,"4-chloropinselin, 4-hydroxyvertixanthone, chloromonilinic acid B, chloromonilinic acid D, pinselin"
BGC0002727,"ilicicolin H, ilicicolin J"
BGC0002728,"aculene A, aculene B, aculene C, aculene D"
BGC0002729,sordarial
BGC0002730,"cyclotryprostatin B, cyclotryprostatin F, cyclotryprostatin G, spirocyclic diketopiperazine alkaloid, spirotryprostatin G"
BGC0002731,"nanangenine A, nanangenine B, nanangenine C"
BGC0002732,"benaphthamycin, WS 79089A, WS 79089B, WS 79089C, WS 79089D"
BGC0002733,sinapigladioside
BGC0002734,"2,4-dihydroxy-5,6-dimethyl benzaldehyde"
BGC0002735,"dentigerumycin F, dentigerumycin G, incarnatapeptin A, incarnatapeptin B"
BGC0002736,preaspterpenacid I
BGC0002745,verrucosidin
BGC0002746,dendrothelin A
BGC0002747,lentinulin A
BGC0002749,aspcandine
